image,iou,a_mbl1_proj,a_mbl2_proj,a_max_proj,a_mbl1_eucl,a_mbl2_eucl,a_max_eucl,b_mbl1_proj,b_mbl2_proj,b_max_proj,b_mbl1_eucl,b_mbl2_eucl,b_max_eucl
1-1-109_jpg.rf.da7ed7e5b519c9060721c0ef613d2d26.txt,0.7089225929017078,0.0,0.0,0.0,20.13718244247615,33.167240381681076,33.167240381681076,0.0,0.0,0.0,2.024725199816458,34.568878900574845,34.568878900574845
1-1-127_jpg.rf.e69f5e68d5113bd9c79026da5b0e5dc5.txt,0.964052492723042,7.179719967253788,3.9714610602458706,7.179719967253788,7.179741954094207,3.975968762320401,7.179741954094207,7.5406578543037535,3.961450552954241,7.5406578543037535,7.541081309141299,3.965615325290651,7.541081309141299
1-1-141_jpg.rf.d7b5048ad008fe7807256ab2a03f5ed2.txt,0.8446738368217481,19.429709358343693,6.886429585296426,19.429709358343693,21.05660323422201,7.444687377180889,21.05660323422201,13.904091984657338,13.223566655998347,13.904091984657338,15.70862850371195,15.175122427360805,15.70862850371195
1-1-145_jpg.rf.951d7dc3f96afb0de4604dc40a4c17c7.txt,0.8922105257515404,16.738584095974208,0.0,16.738584095974208,27.336953445137684,3.0795481895147483,27.336953445137684,17.07491734130727,0.0,17.07491734130727,22.252421727382448,0.44946767546985705,22.252421727382448
1-1-16_jpg.rf.97f3f5d3c510a3628c103ca2b28a79a4.txt,0.8415631814658513,33.31313263602681,3.2894151905421083,33.31313263602681,33.35405063525475,3.3082166783534706,33.35405063525475,32.13621241645344,1.420002989988404,32.13621241645344,32.35891918424704,1.5708070026553416,32.35891918424704
1-1-189_jpg.rf.178301411e3d75b96dfc507a559ae871.txt,0.9173407426137641,9.134254217839006,3.6366271612802157,9.134254217839006,9.135576923778494,3.704477825390678,9.135576923778494,8.673536759564579,0.0,8.673536759564579,8.77805679313936,0.08369653886419062,8.77805679313936
1-1-189_jpg.rf.178301411e3d75b96dfc507a559ae871.txt,0.8927329481463311,4.461625506325861,2.129810250222012,4.461625506325861,4.489225555043446,2.445285374449758,4.489225555043446,0.7330088973259702,0.0,0.7330088973259702,0.7468236598459772,1.333789933811658,1.333789933811658
1-1-19_jpg.rf.b1da52ef2375e4d3d93a98bdbaf3e893.txt,0.8807832251500469,0.0,0.0,0.0,7.525815983227939,6.449901969538304,7.525815983227939,2.099512997400805,1.0707956336479683,2.099512997400805,3.7188022082186607,1.4333397559803622,3.7188022082186607
1-1-19_jpg.rf.b1da52ef2375e4d3d93a98bdbaf3e893.txt,0.8082527334034183,0.0,0.0,0.0,3.9241483230569503,0.6608040753241703,3.9241483230569503,0.0,0.34544293127457043,0.34544293127457043,4.0445485397535705,0.42518437655192226,4.0445485397535705
1-1-200_jpg.rf.c958d3e85b454d3a411ba628a0f69308.txt,0.6165400731509708,0.0,0.0,0.0,25.76901505476718,2.50597744311763,25.76901505476718,4.149050528802043,8.875528716162512,8.875528716162512,6.7666664041164335,10.742532449650648,10.742532449650648
1-1-224_jpg.rf.d62ddd4113b13485c3871eede2a1f7a4.txt,0.8296906842351052,8.129307209841933,10.81600543681628,10.81600543681628,8.94882200462615,11.664214759634154,11.664214759634154,8.50789952810244,9.840645712523907,9.840645712523907,9.248348393756297,10.93756048959612,10.93756048959612
1-1-229_jpg.rf.71201b0b68091393b72f22d42913cfa1.txt,0.8404007154046861,3.864145852512287,4.341042030582938,4.341042030582938,4.847300370283243,5.03561671842313,5.03561671842313,1.7816438873230294,0.0,1.7816438873230294,2.8295516204224196,4.729901956852664,4.729901956852664
1-1-229_jpg.rf.71201b0b68091393b72f22d42913cfa1.txt,0.8302369638367425,8.339630058076743,2.670191834909456,8.339630058076743,9.492109024161065,4.104153247399494,9.492109024161065,0.6761002496413626,0.0,0.6761002496413626,0.7273086573064139,0.6358986862452615,0.7273086573064139
1-1-241_jpg.rf.55898f7f75cda555545a6f9e79eae4a0.txt,0.870714776784084,3.259087903469794,4.455830289718722,4.455830289718722,4.340703192951086,5.434657371175381,5.434657371175381,0.0,0.0,0.0,1.5487217006464635,0.953457277627897,1.5487217006464635
1-1-249_jpg.rf.9b12eac37a00c4da9ca30ab7ca46060e.txt,0.8981532802224941,1.5497954052723566,0.0,1.5497954052723566,1.8130540810154998,7.211176952927932,7.211176952927932,0.0,0.0,0.0,1.0964106374600036,6.477613684779832,6.477613684779832
1-1-249_jpg.rf.9b12eac37a00c4da9ca30ab7ca46060e.txt,0.8427899354723737,2.651667668393446,6.872993000636315,6.872993000636315,2.7009017079871827,6.926377017209195,6.926377017209195,0.5574040290739424,0.0,0.5574040290739424,0.7399657715499642,2.667816665218705,2.667816665218705
1-1-260_jpg.rf.3a23e0c3fdd69dd3bf7026e263b48969.txt,0.958821508142648,3.208785947872528,5.026735397427503,5.026735397427503,3.723234996468521,6.875128426671397,6.875128426671397,0.0,0.0,0.0,0.36654573077543134,8.1945280453503,8.1945280453503
1-1-268_jpg.rf.ffeba97075fc1f6d709f69b8087637e7.txt,0.7904039024373424,1.500703216474896,0.0,1.500703216474896,1.5410565537743603,5.120084224560129,5.120084224560129,2.2249652968761713,0.0,2.2249652968761713,2.7629956499427193,3.3902076410698223,3.3902076410698223
1-1-283_jpg.rf.7485c546ec7bd2295d6f9c33c79ab94f.txt,0.7202443319565872,8.800696979925139,9.20815721411202,9.20815721411202,9.290511117292418,9.526772623699543,9.526772623699543,12.510026960078118,7.7097690582341505,12.510026960078118,13.049721498263828,8.113104030396249,13.049721498263828
1-1-288_jpg.rf.963a5d33c5685df5ff8841f2c6cc52df.txt,0.8831173888440798,0.0,0.0,0.0,3.4823136824779946,0.9567398705791214,3.4823136824779946,0.014637395967043007,0.0,0.014637395967043007,0.5459873271615363,3.126693129662165,3.126693129662165
1-1-296_jpg.rf.ce190fdb1b4a393ebab0b67e83e3324e.txt,0.9273057721316046,0.0,0.0,0.0,2.2615349389785515,4.481290690220894,4.481290690220894,0.0,0.0,0.0,0.808333421722365,1.6217982372682598,1.6217982372682598
1-1-296_jpg.rf.ce190fdb1b4a393ebab0b67e83e3324e.txt,0.8436421122052798,2.1750227484689337,3.2173287619334268,3.2173287619334268,2.729724464794275,3.5478664002719076,3.5478664002719076,5.821266968469454,3.4026347204215988,5.821266968469454,6.213986271038118,3.7027885493260144,6.213986271038118
1-1-2_jpg.rf.6a4d644c96cba77436d6f06331758b3b.txt,0.8612593473563441,0.19305657346849225,6.616157888073776,6.616157888073776,0.502757335004735,9.913778223259193,9.913778223259193,0.275803525392992,11.358664588414157,11.358664588414157,0.6167192761612077,14.044243065648853,14.044243065648853
1-1-32_jpg.rf.9414076b270f2b46a68890c2ccce6e97.txt,0.7405159806677144,0.0,0.0,0.0,13.28130165672875,18.373083044051974,18.373083044051974,0.0,0.06514131959496845,0.06514131959496845,1.195846249865441,0.6993464928282094,1.195846249865441
1-1-37_jpg.rf.e9b574dfa79a5ae6221543cf792a6cff.txt,0.764546113837571,5.615391796821722,9.260573958472197,9.260573958472197,5.618333972275788,9.290541282961405,9.290541282961405,7.262992765556151,9.641695780397413,9.641695780397413,7.316216469444961,9.674567407114845,9.674567407114845
1-1-41_jpg.rf.db53159c7083ee3b171aa93d1d8d2d17.txt,0.7867600616731218,0.0,5.764715005481652,5.764715005481652,10.81782787149154,5.780853462507211,10.81782787149154,0.0,2.6596791011739116,2.6596791011739116,0.7982769029640133,2.76125199891489,2.76125199891489
1-1-51_jpg.rf.e86b199bd9377617267d3c0df4d4b6bf.txt,0.7799577111330039,10.608743177826987,0.17455013471952893,10.608743177826987,11.961233250199282,0.1771884432230828,11.961233250199282,0.0,0.0,0.0,0.09493966863928086,0.3907485645208346,0.3907485645208346
1-1-52_jpg.rf.4fa6a412ad5ccf565ae00102ec26ce38.txt,0.7131921913851862,0.0,0.0,0.0,24.576560255240707,9.169505776367547,24.576560255240707,0.2725924999736498,0.36816445659489794,0.36816445659489794,0.30213719526427324,0.40885718719771563,0.40885718719771563
1-1-53_jpg.rf.a1f9fa600d333f5e46f63e8a74e77268.txt,0.5593815599204203,0.0,0.0,0.0,57.96293985931019,57.35028096384573,57.96293985931019,0.0,0.0,0.0,50.0374649668957,47.97566974624698,50.0374649668957
1-1-53_jpg.rf.a1f9fa600d333f5e46f63e8a74e77268.txt,0.541579960628987,0.0,0.0,0.0,34.92434740439389,47.89171784295756,47.89171784295756,0.0,0.0,0.0,14.653572218240027,51.87675018153662,51.87675018153662
1-1-67_jpg.rf.82057ced5d06e369f7619ed7e328bcf6.txt,0.8230980599228505,1.6978367169843616,2.192742488718775,2.192742488718775,1.6986035502344732,2.4021521942440645,2.4021521942440645,3.7737044305481073,5.139280078468875,5.139280078468875,3.8001405888223747,5.158807576062499,5.158807576062499
1-1-67_jpg.rf.82057ced5d06e369f7619ed7e328bcf6.txt,0.8072500166832595,1.5326536874608772,0.0,1.5326536874608772,1.6255709566020033,9.874692108913914,9.874692108913914,0.0,0.0,0.0,0.4109146565039504,0.12655080721447748,0.4109146565039504
1-1-69_jpg.rf.8f22e863c1d1c93963a04d9f321ab54d.txt,0.6785512057169008,0.0,0.0,0.0,31.43025853854539,12.629102560753317,31.43025853854539,0.0,0.0,0.0,2.34046528873416,12.099906689514532,12.099906689514532
1-1-72_jpg.rf.65661d99090c08804adc7cf95aa21c14.txt,0.8209295513355791,0.0,2.0266390480061567,2.0266390480061567,9.319733751532445,5.466164358140175,9.319733751532445,0.0,0.815082165640616,0.815082165640616,2.011172497721217,5.349839031694564,5.349839031694564
1-1-73_jpg.rf.9e7cb924fada67d0ea54ddb48c516fbd.txt,0.7212098323419935,0.0,0.0,0.0,40.94203359762118,31.628572364338623,40.94203359762118,0.0,0.0,0.0,3.7720488849921905,3.8178904837820813,3.8178904837820813
1-1-81_jpg.rf.c017f05100dc8b53236a8343d8076cf1.txt,0.7591317983161996,8.136197263941124,4.2624986572422205,8.136197263941124,8.377503208046202,4.469450428869768,8.377503208046202,7.0280292468273515,0.6198704991538029,7.0280292468273515,7.3020737460773155,0.759259738229824,7.3020737460773155
1-1-98_jpg.rf.48a5b29ce36aac7f868f30e3edb51813.txt,0.6709688170717475,0.0,0.0,0.0,20.45099921164937,34.824576317955355,34.824576317955355,0.0,0.0,0.0,16.886656500910384,28.72860942660439,28.72860942660439
11053-B-02_0_jpg.rf.225d1a87c5a6154e3fd211e9503ac2ba.txt,0.6480097602037288,10.78689882106822,21.170650918520757,21.170650918520757,10.93784778634728,21.519152847830284,21.519152847830284,25.113421155141396,30.105979392663556,30.105979392663556,25.1137060993257,30.11585852258369,30.11585852258369
15459-B-01_0_jpg.rf.fbfab2000bda97069795ff68e3dbe0a3.txt,0.492352552943122,3.9520572262620206,4.459624715643864,4.459624715643864,4.174084006217071,4.8718269023203025,4.8718269023203025,2.239715288343241,4.114968099434881,4.114968099434881,3.07393784780696,4.783390522192158,4.783390522192158
2-1-3_jpg.rf.600c3d0e8a0e8d03c9a9bda9ef0dadae.txt,0.8202416655778361,0.0,0.0,0.0,18.128171932647863,11.874352587611996,18.128171932647863,0.0,0.0,0.0,15.89792737448263,8.513151600128591,15.89792737448263
2-1-47_jpg.rf.cbc5206f1e30668471fc9277e8e50a61.txt,0.901464479393638,0.0,0.0,0.0,20.363360250518834,9.98550111921287,20.363360250518834,0.0,0.0,0.0,19.162516846702246,6.068242751457231,19.162516846702246
2-1-5_jpg.rf.252d8507e25e45ff9d501ec983a9b595.txt,0.9599440508686735,0.1616952799226959,2.3405915761809606,2.3405915761809606,0.3701658724164938,3.0526181978928735,3.0526181978928735,0.0,0.1848835107966696,0.1848835107966696,0.3154957592054183,1.9407653839702574,1.9407653839702574
2-1-62_jpg.rf.cb5c0cc1e10dcd80fa1140fcb2944c8e.txt,0.97779739392725,0.0,0.0,0.0,15.075265162966895,19.559231164955968,19.559231164955968,0.0,0.0,0.0,16.24291506867752,20.306308943129125,20.306308943129125
2-1-63_jpg.rf.5c93a08c867833beeb2383013ab66e65.txt,0.7386565584294448,0.0,0.0,0.0,1.872061210591693,4.299500490541459,4.299500490541459,5.386103902354593,0.0,5.386103902354593,5.386948861989742,15.424602005284665,15.424602005284665
2-1-65_jpg.rf.7e8366b4605bf1d968e106ad77a38bef.txt,0.9670684129416189,0.0,0.14158598259893546,0.14158598259893546,1.4556832506426172,1.7707772642867108,1.7707772642867108,1.5972821462687896,0.3651970577721003,1.5972821462687896,1.9419997194488816,0.7397748927588664,1.9419997194488816
2-1-67_jpg.rf.f7242e97204b3f5fcb56564691d3c147.txt,0.8789488620133238,0.0,0.0,0.0,11.469432634619405,23.245635963780302,23.245635963780302,0.0,0.0,0.0,14.436994137246243,29.79305373725552,29.79305373725552
2-1-_jpg.rf.e7927f3070cffd724a65038c17c1848d.txt,0.8687664935525405,0.0,6.43207511741134,6.43207511741134,4.8840042506851225,6.78506015082113,6.78506015082113,0.0,4.2662065623333,4.2662065623333,2.028367437381716,4.652749615168537,4.652749615168537
3-2-85_jpg.rf.a0abf6f74d3b7ecebec16e701933484b.txt,0.8389028068835909,17.251537947741397,16.48779740824531,17.251537947741397,17.842027679154853,16.82622355976146,17.842027679154853,7.147185855819541,6.689215342471935,7.147185855819541,7.301555653659957,6.756154053695522,7.301555653659957
3-2-86_jpg.rf.ee7a35eaecc04fe892e7b09ba9239351.txt,0.8960480217936331,55.202303535799324,5.869271358625734,55.202303535799324,55.204405165251366,6.286793659166079,55.204405165251366,56.17238118498751,4.775712203855984,56.17238118498751,56.335977149685455,5.375786957341038,56.335977149685455
3-2-86_jpg.rf.ee7a35eaecc04fe892e7b09ba9239351.txt,0.7731034178242137,29.865065853323575,35.70828237054391,35.70828237054391,29.867584090267606,35.7112933103595,35.7112933103595,30.128523199993968,24.314160061544122,30.128523199993968,30.129420998824784,24.33604203454553,30.129420998824784
3-2-91_jpg.rf.1dbee6dfcf90e5e4f4eaad576e51d072.txt,0.8596359446332462,0.0,0.0,0.0,0.4891713893098177,0.9966644266896009,0.9966644266896009,0.4490994734587409,0.0,0.4490994734587409,0.8253767903327967,1.7728583583384978,1.7728583583384978
4-1-103_jpg.rf.272bd27d042ea087a20e2ce66f924ce4.txt,0.7270817552979759,4.3987284221083955,0.020205341857387454,4.3987284221083955,4.444762763388777,0.03351003304564174,4.444762763388777,4.832792978636334,0.0,4.832792978636334,4.844923183646688,11.534835384878768,11.534835384878768
4-1-108_jpg.rf.4482fffbd0f7474154373d8ef007411a.txt,0.8122522817680373,29.0444747041964,0.9460304578049704,29.0444747041964,29.044773014961766,1.3379724420688865,29.044773014961766,15.10452466698312,5.307274008512927,15.10452466698312,15.119099080915055,5.694160588975157,15.119099080915055
4-1-143_jpg.rf.20ef2202ecb10552c11780789c735237.txt,0.8704584159161165,1.598094789364984,6.0629047537326155,6.0629047537326155,1.7163391764018296,6.143583480988371,6.143583480988371,11.573937600406332,0.04713621289112188,11.573937600406332,11.57822125366177,0.5569593909172805,11.57822125366177
4-1-164_jpg.rf.db3448d546f675d0f4911b3093bd50cd.txt,0.9582399837418177,11.948496389212366,13.215299592180896,13.215299592180896,12.12026391504812,13.283397261560026,13.283397261560026,19.421558789140466,12.446387190199012,19.421558789140466,19.445566417008603,12.446735124585315,19.445566417008603
4-1-164_jpg.rf.db3448d546f675d0f4911b3093bd50cd.txt,0.8686955594611008,14.302909538721915,18.028830299643793,18.028830299643793,14.314357652499835,18.036982415253814,18.036982415253814,11.73172938061446,16.37524447646196,16.37524447646196,11.841919807082487,16.383139965830104,16.383139965830104
4-1-170_jpg.rf.17b24472dc6f0d864b1064450f36f057.txt,0.7479236569932193,4.816164999940751,2.771709748149022,4.816164999940751,4.833524968339631,2.776243402199239,4.833524968339631,0.0,1.670307923428076,1.670307923428076,6.992413030893217,1.6766034092204531,6.992413030893217
4-1-18_jpg.rf.4794a9f6a6ee80643dfb72c0ad04faf4.txt,0.8360106525170498,3.033061703386603,3.2392804505684123,3.2392804505684123,3.133909383703193,3.247046397231526,3.247046397231526,0.0,0.2198091871023975,0.2198091871023975,1.8949803598276773,0.39177581023337477,1.8949803598276773
4-1-190_jpg.rf.462e9ac25c26eae6a3e5d3bd1eb33301.txt,0.8925303154457076,22.447725679203113,17.947040026208516,22.447725679203113,22.754525939500958,18.631445798139005,22.754525939500958,23.362386323561957,24.62147873783474,24.62147873783474,23.518170136364517,24.622600853404695,24.622600853404695
4-1-190_jpg.rf.462e9ac25c26eae6a3e5d3bd1eb33301.txt,0.8040529265539167,0.0,0.0,0.0,9.2726222441741,21.91754029222285,21.91754029222285,0.0,0.0,0.0,16.539111795083816,23.878370420714674,23.878370420714674
4-1-194_jpg.rf.e5c027f61ab31e4c10b394e5c1721ad0.txt,0.95790560320986,22.402064017362786,25.625096451288627,25.625096451288627,22.568333748352938,25.77633135238394,25.77633135238394,5.8586083799656725,24.13627019946579,24.13627019946579,6.362428134877581,24.254380334457963,24.254380334457963
4-1-198_jpg.rf.08d176713106124cee7d0611f88fdbad.txt,0.8214586105186216,23.251783579227098,27.759921031349204,27.759921031349204,23.346279147820866,27.935117813733275,27.935117813733275,1.896616078586073,2.1281846640814615,2.1281846640814615,1.8989824936136113,2.3462103356516715,2.3462103356516715
4-1-215_jpg.rf.93a9b26903af6980f3228d2ad4075588.txt,0.8403761992200007,5.651974781436396,6.160496961131632,6.160496961131632,5.665466056879267,6.163096889424566,6.163096889424566,3.7311732479200783,0.012972521776019312,3.7311732479200783,3.7455241094505722,0.04477028348149893,3.7455241094505722
4-1-215_jpg.rf.93a9b26903af6980f3228d2ad4075588.txt,0.7610350983320143,18.52232637882845,4.427025521426748,18.52232637882845,18.85201550358006,4.528426439427864,18.85201550358006,0.0,0.0,0.0,0.436478771018104,0.8514264287351093,0.8514264287351093
4-1-65_jpg.rf.4cd9c4aa05a03bc48274ad476d924668.txt,0.8799321959447092,3.024974412082304,4.194093367005888,4.194093367005888,3.025877953315308,4.196117027915604,4.196117027915604,4.920160763548845,4.439016916912498,4.920160763548845,5.1469286748815435,4.605714655627643,5.1469286748815435
4-1-68_jpg.rf.b2bc1824cd912b30e0094f41e71eeb73.txt,0.704645005170794,4.562246176329037,5.356236152010515,5.356236152010515,4.56240918084124,5.402285791359915,5.402285791359915,6.605943498057133,8.687547978486194,8.687547978486194,6.616207069412804,8.71074093537468,8.71074093537468
4-1-76_jpg.rf.a3b31287e3da123efe49f670a796d7f1.txt,0.9045961135405703,0.0,12.532148375547974,12.532148375547974,7.3711479592898215,12.584304374792318,12.584304374792318,10.989295421779664,14.280434220650776,14.280434220650776,11.076526782897584,14.528657170707804,14.528657170707804
4-1-76_jpg.rf.a3b31287e3da123efe49f670a796d7f1.txt,0.7471852607746772,16.294998018300813,17.447584136677392,17.447584136677392,16.305920488957362,17.462238230019146,17.462238230019146,5.846823718082958,0.2896559679617649,5.846823718082958,6.247704527765761,1.3715671306792296,6.247704527765761
4-1-80_jpg.rf.701fdaddb9fc9142f3e9fc84d7e69dab.txt,0.5469494189427326,0.5036401375933978,0.0,0.5036401375933978,0.5082117456278501,3.5935478497410513,3.5935478497410513,0.0,0.0,0.0,12.451455496284838,14.886732352028636,14.886732352028636
4-1-88_jpg.rf.7ce8063a1ae0b1e8ad6d2799c6f46f16.txt,0.9000238827314622,10.492503517444781,18.984207547664784,18.984207547664784,10.516175812440737,19.039850624484092,19.039850624484092,13.179428421170872,9.806325855184934,13.179428421170872,13.182005318850065,9.807779948766177,13.182005318850065
4-2-168_jpg.rf.b3fd15d9c14084c34b6681b178016be5.txt,0.8065195823270253,8.983817106070562,7.084797525381591,8.983817106070562,9.287407596603185,7.149367932625174,9.287407596603185,5.716408778181138,5.641424560447525,5.716408778181138,5.746110148427952,5.694790190483599,5.746110148427952
4-2-168_jpg.rf.b3fd15d9c14084c34b6681b178016be5.txt,0.451226631395785,2.6839858220043142,6.522998062087596,6.522998062087596,2.8402689534394003,6.527881762930066,6.527881762930066,3.252722153042332,4.852771274071154,4.852771274071154,3.3051064056885395,4.876399568950143,4.876399568950143
4-2-245_jpg.rf.85dbcd832129b6e2213c403959436f60.txt,0.6372270249454145,0.039041353331911555,0.0,0.039041353331911555,0.07952847696653552,7.534820429678633,7.534820429678633,0.07685524796757631,0.0,0.07685524796757631,0.09977509442058172,7.623276394385556,7.623276394385556
4-2-258_jpg.rf.95cc895fdfcf9823576071e3b5f4da03.txt,0.9175182121228559,4.985866242200299,13.470888529744323,13.470888529744323,5.0712739777152605,13.572352355604453,13.572352355604453,7.916193898398151,0.5178935570137937,7.916193898398151,7.941506914187457,0.7850613554356887,7.941506914187457
4-2-258_jpg.rf.95cc895fdfcf9823576071e3b5f4da03.txt,0.8414702666071565,11.099576094697879,16.85832905305214,16.85832905305214,11.167172039509827,16.870780071899873,16.870780071899873,0.0,0.2855017669873591,0.2855017669873591,11.124340343917424,0.3251458710712697,11.124340343917424
4-2-334_jpg.rf.52a31b4371dffbdcb45d971adda932f1.txt,0.7626304558446858,0.0,0.0,0.0,1.3209232286165626,10.586035742628995,10.586035742628995,0.0,0.0,0.0,2.0970908009337252,7.4058693245431435,7.4058693245431435
4-2-353_jpg.rf.d67ece2d335275064193c12df9cf1b17.txt,0.9122689804701178,14.722362540236702,15.061527604381626,15.061527604381626,15.24521136312766,15.245219474087396,15.245219474087396,15.244351624949129,15.357637536799778,15.357637536799778,15.465519575947944,15.5159956507267,15.5159956507267
4-2-420_jpg.rf.9b4675d47069a2854d55865bc2e671f6.txt,0.9060720955862589,16.651975077181504,12.340870995639914,16.651975077181504,16.73542569179225,12.34157283948259,16.73542569179225,3.1450507674473474,0.0,3.1450507674473474,3.1718101793874722,6.891858399208293,6.891858399208293
4-2-484_jpg.rf.ad066f93f9419de22020841ece2e60a9.txt,0.9280887091228317,0.4676738319178304,0.0,0.4676738319178304,2.3229748832638943,0.8657175861435327,2.3229748832638943,0.0,0.0,0.0,0.624704438607593,0.15654972365286793,0.624704438607593
4-2-503_jpg.rf.ebcaf8de8258b444d3d9e5d7b357c203.txt,0.7987108568561229,24.827487119223722,0.5163425335775357,24.827487119223722,25.253769871755132,0.5550452619216342,25.253769871755132,0.0,0.0,0.0,24.16320685150822,35.246062457136844,35.246062457136844
4-2-503_jpg.rf.ebcaf8de8258b444d3d9e5d7b357c203.txt,0.7874609504547523,27.314174754061433,30.12380283983424,30.12380283983424,27.611461528436575,30.525434665772742,30.525434665772742,0.6382916762086748,1.4675751871505605,1.4675751871505605,0.9090125250335673,1.4675752033487972,1.4675752033487972
4-2-512_jpg.rf.34464444a0f2f524e221424a144fcc57.txt,0.7756656521793851,14.090657535270562,7.277777144339183,14.090657535270562,14.091008505132102,7.292804182941895,14.091008505132102,9.884973949214507,7.164730281553457,9.884973949214507,10.02917523698829,7.266470073981831,10.02917523698829
4-2-52_jpg.rf.0595dc6a73e75e06119ecda100809979.txt,0.8871698985227925,5.782059956808516,6.654620115359743,6.654620115359743,5.852786219772729,6.693754145169437,6.693754145169437,0.0,1.0656162959777842,1.0656162959777842,0.07274065338978124,1.1700988578968492,1.1700988578968492
4-2-621_jpg.rf.6bcfc3d87d2969efe9602fa6fb2585b9.txt,0.8918704468798468,17.018567914682826,33.0830762578392,33.0830762578392,17.22764585203662,33.13600350178626,33.13600350178626,32.10309849096991,33.39054521396015,33.39054521396015,32.181648939767825,33.425475067694535,33.425475067694535
4-2-680_jpg.rf.82d48eb1b69cfbe8943c261c565856ed.txt,0.9198504984429029,11.871719325790826,11.70959498697141,11.871719325790826,12.50783629720279,11.755676789944005,12.50783629720279,10.671933981441011,12.525250947482919,12.525250947482919,10.774326785900788,12.570181988530113,12.570181988530113
4-2-680_jpg.rf.82d48eb1b69cfbe8943c261c565856ed.txt,0.52959254311826,0.0,0.0,0.0,23.477601990169678,38.17393817275292,38.17393817275292,0.0,0.0,0.0,17.90323955945069,39.62427515923025,39.62427515923025
4-2-697_jpg.rf.e1209189c673ee2828545d9c81845e8d.txt,0.7008243152709366,28.921754250500115,3.9950310004735465,28.921754250500115,28.938686936333717,4.0038325920405455,28.938686936333717,4.263414432129496,23.243322124971904,23.243322124971904,4.422367464364142,23.24553373962154,23.24553373962154
5-1-23_jpg.rf.87cde10fd60fd3020e0b832d00fd5f77.txt,0.8717506317602662,0.0,0.0,0.0,12.583545357827497,12.196461019875658,12.583545357827497,0.0,0.0,0.0,1.2853327805157788,1.1798345372621784,1.2853327805157788
5-1-23_jpg.rf.87cde10fd60fd3020e0b832d00fd5f77.txt,0.7421216575628813,1.7447939441992095,2.166375740802528,2.166375740802528,1.754214650653696,2.2189255203608957,2.2189255203608957,0.0,0.8390618423789988,0.8390618423789988,0.30342153453802967,1.4372502293707239,1.4372502293707239
5-1-34_jpg.rf.3b115b89f50eec6e691dda60b9444897.txt,0.9159855070263772,2.9656806766654813,9.382209953288683,9.382209953288683,3.104509011925918,9.42325410547313,9.42325410547313,0.0,0.0,0.0,3.794050185237581,2.7380062475697873,3.794050185237581
5-1-34_jpg.rf.3b115b89f50eec6e691dda60b9444897.txt,0.8727452524936962,4.807730782862395,12.692333395121338,12.692333395121338,4.90294279474972,12.883558183984523,12.883558183984523,5.151379973718917,0.5920669183579563,5.151379973718917,5.8774729873265406,1.7903461606388011,5.8774729873265406
5-1-48_jpg.rf.da026fbd3e08f9aacf31ba4c14d960bc.txt,0.8088003658899816,0.0,0.0,0.0,13.273061858878263,11.011592163730992,13.273061858878263,0.0,0.0,0.0,14.413537814136923,15.910097938132992,15.910097938132992
5-1-56_jpg.rf.98effce82f19f8ec4add4ffd017bd566.txt,0.8340296202531645,0.0,0.0,0.0,16.874666112844835,9.106615155817076,16.874666112844835,0.0,0.0,0.0,28.285328049949744,36.67997634178354,36.67997634178354
5-1-66_jpg.rf.066bceb356d31dae9f89ceb02cd642cb.txt,0.9270870925758353,31.013111881423207,17.699910359118093,31.013111881423207,31.025602025523813,17.72818798305417,31.025602025523813,30.611185826839915,21.8576827913825,30.611185826839915,30.67860816266966,21.878334150100333,30.67860816266966
5-2-106_jpg.rf.7520316c3da889765c091ec48962ce30.txt,0.9372862240850426,16.21103818552012,1.2120450603617756,16.21103818552012,16.21172762549116,1.2338210402570313,16.21172762549116,11.606785610758882,0.0,11.606785610758882,11.64771659327392,4.321232304192485,11.64771659327392
5-2-120_jpg.rf.d06365fdf3c9f3c14026545f0b14bd5d.txt,0.867594438423719,29.938470208360418,15.512431995807757,29.938470208360418,29.969608509746198,15.547953620147462,29.969608509746198,14.46024163852892,34.32480452626962,34.32480452626962,14.659219186348121,34.33857394477602,34.33857394477602
5-2-230_jpg.rf.8c8ebff0e0473e1e78995610bf3d0b0d.txt,0.8450989542164654,43.251095171542964,49.61156619378451,49.61156619378451,43.25135623515568,49.61750748753142,49.61750748753142,40.09161252936202,45.87585243249157,45.87585243249157,40.15067369983698,45.88009203105424,45.88009203105424
5-2-289_jpg.rf.bf8376968169f88acb10523114fc05c4.txt,0.9167958842647,6.901024193496702,0.0,6.901024193496702,6.901084415380698,0.32093111347342645,6.901084415380698,5.71824179492565,1.3622884294735018,5.71824179492565,5.760700944165163,1.8805709363761625,5.760700944165163
5-2-289_jpg.rf.bf8376968169f88acb10523114fc05c4.txt,0.8796903090133773,3.1224165164913003,8.827633071645257,8.827633071645257,3.347091639389485,9.027923750105028,9.027923750105028,1.3860371608237463,0.0,1.3860371608237463,1.6167880788270619,0.30351802648106796,1.6167880788270619
5-2-341_jpg.rf.4594c906a1acec3c27cf0614280e121b.txt,0.8985989705589447,4.39455101501802,0.0,4.39455101501802,4.736028212320401,2.3559654907821814,4.736028212320401,0.0,4.709651324676621,4.709651324676621,1.83656358064386,4.723649515289612,4.723649515289612
5-2-345_jpg.rf.88fa7fea1037295a257ce12900637d76.txt,0.7877504851364713,3.5254904664243725,7.858931524695315,7.858931524695315,3.6264547903252757,7.8955884540558765,7.8955884540558765,0.0,5.707073986220129,5.707073986220129,1.128782815697466,5.707345028931255,5.707345028931255
5-2-363_jpg.rf.03ae826aa53fa8c2fd1c20278e8be47d.txt,0.8182326127883632,0.0,0.0,0.0,15.981590373440483,22.517255067636565,22.517255067636565,5.6441172609957135,12.462358069301464,12.462358069301464,5.790277476129368,13.005589415716823,13.005589415716823
5-2-369_jpg.rf.b151e27950a3c3b71cb0485f5575ed38.txt,0.9595845924946754,0.06358167323085888,4.825783627542419,4.825783627542419,0.3717626621624493,4.847687597299412,4.847687597299412,9.124647843886518,0.2667382131119417,9.124647843886518,9.154033902851813,0.7785336736425252,9.154033902851813
5-2-439_jpg.rf.79429c13ea0a88c32686a94b9b53124e.txt,0.8426975880840831,0.0,0.0,0.0,4.255149699299986,18.931673182238484,18.931673182238484,0.0,0.0,0.0,3.8513367278767348,4.7407606829768945,4.7407606829768945
5-2-439_jpg.rf.79429c13ea0a88c32686a94b9b53124e.txt,0.8140322270111124,0.0,0.0,0.0,26.12447541895494,15.263908849399972,26.12447541895494,0.0,0.31999912138369174,0.31999912138369174,7.453045680459279,3.280042060698836,7.453045680459279
5-2-439_jpg.rf.79429c13ea0a88c32686a94b9b53124e.txt,0.8044743824079318,10.293511365041052,7.8761998303316805,10.293511365041052,10.326266958438648,7.900393296549319,10.326266958438648,16.378006758496074,11.827774518210349,16.378006758496074,16.378009005837697,11.957833979987303,16.378009005837697
5-2-447_jpg.rf.486c99765ac39c3552182837a705d7e6.txt,0.8796721854012836,0.0,17.484197420086904,17.484197420086904,0.36652491537708737,17.484831593403698,17.484831593403698,0.0,15.61410967785259,15.61410967785259,0.9635591429004615,15.851497790689221,15.851497790689221
5-2-474_jpg.rf.c7f9bb991aa7e51ade0cdfdc9217b8c2.txt,0.864743525731075,7.027203774105684,14.307909473793787,14.307909473793787,7.138363213003705,14.308281301761028,14.308281301761028,12.326192779798465,0.0,12.326192779798465,12.368965022244884,1.6758607327713102,12.368965022244884
5-2-576_jpg.rf.fdfb8269fbf704472524b871f3477ea6.txt,0.932435727290701,12.656709884365004,5.074249068316887,12.656709884365004,12.669196179412145,5.0774909277241935,12.669196179412145,4.096185926465272,11.810602399279327,11.810602399279327,4.509628021449129,11.810605274088855,11.810605274088855
5-2-58_jpg.rf.3aa07c9579d52f2f0d09f444aa70afaf.txt,0.8638373813116044,0.0,0.0,0.0,7.180098690990759,10.507152586816746,10.507152586816746,0.927258842392353,0.0,0.927258842392353,0.9279071117773652,0.256774732026476,0.9279071117773652
5-2-614_jpg.rf.0d3cf4513c2e9b16533e68a787864499.txt,0.8493516642826995,8.157169512855143,0.0,8.157169512855143,8.158686727854505,0.9449202257239038,8.158686727854505,0.13865126019758456,2.114063084972813,2.114063084972813,0.15583870151919804,2.4734938528936845,2.4734938528936845
5-2-625_jpg.rf.d0f96720d33a3507a9f8df66282344f4.txt,0.8113717469685817,5.304252448646756,5.603313077085965,5.603313077085965,5.813770594623047,5.717493851858105,5.813770594623047,1.9837538482126431,4.263195865426906,4.263195865426906,1.988816905481135,4.275077448101014,4.275077448101014
5-2-661_jpg.rf.33f54d37fcc5edaa4ff42cac27c1a01f.txt,0.8990873143627186,1.1083895209478434,1.2440036767212574,1.2440036767212574,1.8878944551502008,1.7191954024836147,1.8878944551502008,0.0,0.1252550032240414,0.1252550032240414,2.9197196761247586,0.2436274566590539,2.9197196761247586
5-2-73_jpg.rf.f9161069960917cc056b974d59ee6775.txt,0.9276732094507859,0.5734666148491331,0.5734299969981094,0.5734666148491331,0.6872946961089574,0.6872617060295597,0.6872946961089574,0.0,3.222997376542871,3.222997376542871,2.4793072984055526,3.3031817164297523,3.3031817164297523
5-2-751_jpg.rf.f8d66c23aa53658034a0d26dc56c1f7f.txt,0.8642828595431601,0.0,0.0,0.0,1.0487584993349741,3.9574748336961467,3.9574748336961467,0.0,0.9886816694561871,0.9886816694561871,0.7949124257650008,1.5347279150273443,1.5347279150273443
6-1-16_jpg.rf.0cbdd4c22aca84b470b9a53a643a4fe9.txt,0.8091879538655042,19.128006077347013,12.495583412939018,19.128006077347013,19.129440696479417,12.499266551698982,19.129440696479417,12.685780410235456,8.84053945535919,12.685780410235456,12.687853419677397,8.853002444731649,12.687853419677397
6-1-19_jpg.rf.8dce43d0e3666c17d84a472635aae02e.txt,0.8184134846439213,3.928827035677033,8.713099584421736,8.713099584421736,3.939343872189775,8.743986269866056,8.743986269866056,1.7905702205308762,0.0,1.7905702205308762,1.7961874536639653,2.78876141261325,2.78876141261325
6-1-19_jpg.rf.8dce43d0e3666c17d84a472635aae02e.txt,0.7423752369046973,4.745772694247748,3.3913678731375922,4.745772694247748,4.74672131204362,3.420694271208963,4.74672131204362,0.0,2.4489207097300274,2.4489207097300274,6.252394732854201,3.598604022094128,6.252394732854201
6-1-21_jpg.rf.bb90b3857e7061fd7ea710ef5fb6a4c8.txt,0.7567664282679883,13.826223609933624,7.39438803994954,13.826223609933624,13.826295084524833,7.4024468991478996,13.826295084524833,11.770026824702228,4.308389485609529,11.770026824702228,11.827128296658987,4.339293241763027,11.827128296658987
6-2-124_jpg.rf.a2b0760deeda2986a0e1749ca308376d.txt,0.7804864474708093,28.348865892089236,29.10048233273505,29.10048233273505,28.378482149225015,29.1005802985126,29.1005802985126,28.71766407981261,27.157944254941057,28.71766407981261,28.727427813352485,27.168375781697936,28.727427813352485
6-2-131_jpg.rf.261a1a4473bbe8883d657ba0fd6ca47c.txt,0.9670966127412692,4.381222454676725,4.822319117523305,4.822319117523305,4.420707520400797,4.862455179616367,4.862455179616367,1.895534789763053,0.0,1.895534789763053,2.006853816038366,0.3204009854148844,2.006853816038366
6-2-144_jpg.rf.58f03b2e3a1ae37ef1bb58def06f24db.txt,0.9569093688064275,0.0,7.6631809865579354,7.6631809865579354,1.0861965025344367,7.665389864584446,7.665389864584446,0.1410494762087786,8.675642359260499,8.675642359260499,1.728927076269007,8.937304106405142,8.937304106405142
6-2-144_jpg.rf.58f03b2e3a1ae37ef1bb58def06f24db.txt,0.842981408412057,0.0,1.3277221591880475,1.3277221591880475,0.6877181210000058,1.4789399369105887,1.4789399369105887,0.0,0.0,0.0,0.43450007317334766,0.24117404610408316,0.43450007317334766
6-2-144_jpg.rf.58f03b2e3a1ae37ef1bb58def06f24db.txt,0.809821089913838,7.314899158599404,0.0,7.314899158599404,7.336201638788582,0.6338759017860423,7.336201638788582,0.0,0.0,0.0,13.5711922460881,6.2040599137360095,13.5711922460881
6-2-157_jpg.rf.d0483a3749ae1b4e8e440d6704dd4697.txt,0.8452230371743066,4.214659751188382,0.4747064243051642,4.214659751188382,4.261697756183038,0.4837966489922074,4.261697756183038,0.0,0.0,0.0,0.22744188330173554,1.0798409236835664,1.0798409236835664
6-2-168_jpg.rf.6b032dca82aab9d837b0971af905255e.txt,0.8736609368517931,13.84429085696869,24.150486436614948,24.150486436614948,13.883888157956385,24.15185401971293,24.15185401971293,15.702256361934513,24.16154699111587,24.16154699111587,15.759512697005803,24.190306718132664,24.190306718132664
6-2-168_jpg.rf.6b032dca82aab9d837b0971af905255e.txt,0.8708906508583467,23.849680230912924,8.620748203067507,23.849680230912924,23.896791686226443,8.831177694603037,23.896791686226443,22.10918897300692,4.103152248362251,22.10918897300692,22.112040292622968,4.1583606275502065,22.112040292622968
6-2-215_jpg.rf.0eac67ac77bbb5c56137aaf26b2a93f7.txt,0.8659797592542064,0.9811870853513017,0.5941904316795695,0.9811870853513017,1.244708398609238,0.6857978329759875,1.244708398609238,1.5931755989266907,0.7505718572022374,1.5931755989266907,1.6722319549438258,1.0887161755600412,1.6722319549438258
6-2-256_jpg.rf.5d2e7163cda66b3fe488d730c01e1c9f.txt,0.7635540642396814,10.036875172445699,6.491037026572835,10.036875172445699,10.03943168057113,6.492268411329507,10.03943168057113,11.917355228755952,0.6486921552178161,11.917355228755952,11.920560906418334,0.6504228009027766,11.920560906418334
6-2-50_jpg.rf.c76fa5a83f793d90118007b46adfb625.txt,0.9632717437570707,7.709847895485184,10.273090645706471,10.273090645706471,7.769101264857505,10.313382356018268,10.313382356018268,1.6886411414949607,0.7505636420541261,1.6886411414949607,1.9665363381603567,0.9791712107082289,1.9665363381603567
6-2-53_jpg.rf.e12c490fa20722b1d65c9a4750700b51.txt,0.9065099570531938,0.0,0.0,0.0,4.5357776695091605,3.909699441151841,4.5357776695091605,0.0,0.0,0.0,1.0065511008279586,0.0805464484024832,1.0065511008279586
6-2-53_jpg.rf.e12c490fa20722b1d65c9a4750700b51.txt,0.870788271572845,26.2766234325576,9.516879946798884,26.2766234325576,26.323887292625265,9.517524077233173,26.323887292625265,27.193275300469693,8.733235937810843,27.193275300469693,27.200069194023403,8.733330822395839,27.200069194023403
6-2-5_jpg.rf.7a6a5887783cfa57c0bc8988d9f7df0a.txt,0.8096150140761585,2.346649475547934,5.419539126002631,5.419539126002631,2.3839495194708205,5.519589012585467,5.519589012585467,0.13331680649309846,0.0,0.13331680649309846,1.9791453445644516,3.7030592488180267,3.7030592488180267
6-2-68_jpg.rf.baa66175a36494d24c16535ecf2e7103.txt,0.8381654818631522,27.79137153895686,25.863919295986253,27.79137153895686,27.82060088980699,25.891833933946167,27.82060088980699,33.05347730834614,19.12597927746852,33.05347730834614,33.1193144803919,19.18888814281056,33.1193144803919
6-2-78_jpg.rf.77e6e7448613354a2f105cb051eb7fea.txt,0.9316609828853204,6.844702663071541,0.0,6.844702663071541,6.857454088748677,0.0,6.857454088748677,2.9443444213792382,1.6775818758621357,2.9443444213792382,3.1676310409356008,2.252602807786996,3.1676310409356008
6-2-80_jpg.rf.59400b615464026027aba2847f0ba89f.txt,0.807752631578947,0.0,0.04198730895253279,0.04198730895253279,7.063273291811551,0.4969798433586128,7.063273291811551,0.014551642123366721,0.0,0.014551642123366721,0.17496566453871779,0.558827659130601,0.558827659130601
6-2-81_jpg.rf.4be81bdca3f7c3239d100c6027b3c2a6.txt,0.8162928616252857,17.035314448133406,21.126677121741775,21.126677121741775,17.039443444812687,21.138287014741877,21.138287014741877,43.62228350982722,32.2424149593015,43.62228350982722,43.69820116631133,32.24609705502222,43.69820116631133
6-2-83_jpg.rf.0f5fd6a18a74cf78a634fd104ce7cf78.txt,0.9543420894993117,1.0715059602165953,0.0,1.0715059602165953,2.399426078282738,1.4010536830933753,2.399426078282738,0.0,0.05615100053529312,0.05615100053529312,2.0593272074518922,0.22434201369344967,2.0593272074518922
7-1-13_jpg.rf.52767ae3702b2a6214d68fe173d45249.txt,0.7887393035140197,23.430161820700164,22.020327684434665,23.430161820700164,23.44829685225304,22.051288306841656,23.44829685225304,26.16465549081626,25.18977391804629,26.16465549081626,26.217297251667592,25.193221423251494,26.217297251667592
7-1-18_jpg.rf.c77f9dfe29125b3af4d5e422dc957149.txt,0.8912718821938372,13.042401921673463,7.8772727969195016,13.042401921673463,13.229079620029044,8.002721430270265,13.229079620029044,9.005187176576968,12.9184131054735,12.9184131054735,9.013109209524012,12.93508775002783,12.93508775002783
7-1-18_jpg.rf.c77f9dfe29125b3af4d5e422dc957149.txt,0.8269727549737272,12.021097033507017,18.943682144162818,18.943682144162818,12.041481653108788,18.970189275810053,18.970189275810053,15.303879023139134,8.4966477930391,15.303879023139134,15.325515349037255,8.496799973466942,15.325515349037255
7-1-18_jpg.rf.c77f9dfe29125b3af4d5e422dc957149.txt,0.8215955117520858,12.04678621289828,4.579842853877994,12.04678621289828,12.131920848508074,6.062317132402081,12.131920848508074,14.54809549895047,14.7478668402866,14.7478668402866,14.55979225272035,14.751002355365127,14.751002355365127
7-1-21_jpg.rf.1c94341e347a5619d6d533587214a38d.txt,0.8053523118085529,4.353730668480396,4.0420484909563825,4.353730668480396,5.072152264254191,5.493648234517695,5.493648234517695,8.707349347075017,8.126047535986554,8.707349347075017,8.713097517662769,8.191610494171178,8.713097517662769
7-1-21_jpg.rf.1c94341e347a5619d6d533587214a38d.txt,0.7405935208527283,7.538154776618515,0.0,7.538154776618515,7.575599860236308,15.61736807952496,15.61736807952496,12.973703012387377,6.215731115647932,12.973703012387377,13.228410858675883,6.343284090648648,13.228410858675883
7-1-21_jpg.rf.1c94341e347a5619d6d533587214a38d.txt,0.7179902960877884,7.053886684267892,3.1120095505906393,7.053886684267892,7.201834366474194,3.2207582412260862,7.201834366474194,13.706136311058915,13.823410969941522,13.823410969941522,14.115386994211812,15.320367864381726,15.320367864381726
7-1-32_jpg.rf.5fff691d396ad6fb5af6bb214432862a.txt,0.8385676149953438,1.154842389382566,3.0430758071689037,3.0430758071689037,2.288937521643721,3.8845016715633722,3.8845016715633722,1.4013135920457354,0.0,1.4013135920457354,1.562687238936206,0.310597960423971,1.562687238936206
7-2-100_jpg.rf.14e97388edf5dced857a60f0f736011e.txt,0.8066892061184161,40.21810660355036,15.984402790685321,40.21810660355036,40.23907622897362,16.127443096723052,40.23907622897362,36.78828170979107,25.032900068095497,36.78828170979107,37.33881157568687,25.102267585549576,37.33881157568687
7-2-119_jpg.rf.77caec442c086cd5fe9182a61cce5fdf.txt,0.8715175756388378,10.128306961564585,9.818351340237104,10.128306961564585,10.134263490020357,9.829866958407841,10.134263490020357,0.0,0.0,0.0,2.1442875450026415,1.1567783784026262,2.1442875450026415
7-2-131_jpg.rf.13aa309e531044bc4f47c900c4699673.txt,0.8187939132530487,21.394366491708663,18.25035026452814,21.394366491708663,21.434122165929377,18.340079159760762,21.434122165929377,27.260497149586282,0.0,27.260497149586282,27.271619325729514,6.587936362862338,27.271619325729514
7-2-30_jpg.rf.72d59d4a4c92c406ee2f1f0f87407bf5.txt,0.928240604050461,24.512097367861415,28.912627394526357,28.912627394526357,24.512455515270474,28.95498132864057,28.95498132864057,27.886082312995786,21.172416258004347,27.886082312995786,28.108275893544626,21.228155547781157,28.108275893544626
7-2-37_jpg.rf.3e429d7a11245169ef1b4a1902b8e19e.txt,0.9400773316920441,41.97455704080677,30.249882672498835,41.97455704080677,41.98191491929154,30.477475684686073,41.98191491929154,17.067762596421844,21.95751805695351,21.95751805695351,17.0805067202921,22.02369226347684,22.02369226347684
7-2-86_jpg.rf.eeda13a8c60069e5630317da0c989266.txt,0.6312817330636997,2.715769835061855,6.916079960332891,6.916079960332891,2.964510181505875,7.026918279802893,7.026918279802893,0.0,4.27774842374393,4.27774842374393,1.5170141586992547,4.396251291553253,4.396251291553253
