filename,instance_idx,keypoint,d_px,area_px
1-1-109_jpg.rf.da7ed7e5b519c9060721c0ef613d2d26,0,AOI,2.400122852,11007.5
1-1-109_jpg.rf.da7ed7e5b519c9060721c0ef613d2d26,0,BL2,5.145176366,11007.5
1-1-109_jpg.rf.da7ed7e5b519c9060721c0ef613d2d26,0,IS2,2.319483406,11007.5
1-1-109_jpg.rf.da7ed7e5b519c9060721c0ef613d2d26,0,IAC,3.493212459,11007.5
1-1-109_jpg.rf.da7ed7e5b519c9060721c0ef613d2d26,0,IS1,2.498060255,11007.5
1-1-109_jpg.rf.da7ed7e5b519c9060721c0ef613d2d26,0,BL1,10.81031739,11007.5
1-1-127_jpg.rf.e69f5e68d5113bd9c79026da5b0e5dc5,0,AOI,3.076482082,14681.2
1-1-127_jpg.rf.e69f5e68d5113bd9c79026da5b0e5dc5,0,BL2,3.057778203,14681.2
1-1-127_jpg.rf.e69f5e68d5113bd9c79026da5b0e5dc5,0,IS2,0.5318897149,14681.2
1-1-127_jpg.rf.e69f5e68d5113bd9c79026da5b0e5dc5,0,IAC,0.896412408,14681.2
1-1-127_jpg.rf.e69f5e68d5113bd9c79026da5b0e5dc5,0,IS1,1.86669283,14681.2
1-1-127_jpg.rf.e69f5e68d5113bd9c79026da5b0e5dc5,0,BL1,3.304622918,14681.2
1-1-141_jpg.rf.d7b5048ad008fe7807256ab2a03f5ed2,0,AOI,3.668279023,9669.6
1-1-141_jpg.rf.d7b5048ad008fe7807256ab2a03f5ed2,0,BL2,5.097464944,9669.6
1-1-141_jpg.rf.d7b5048ad008fe7807256ab2a03f5ed2,0,IS2,5.112688237,9669.6
1-1-141_jpg.rf.d7b5048ad008fe7807256ab2a03f5ed2,0,IAC,3.916769742,9669.6
1-1-141_jpg.rf.d7b5048ad008fe7807256ab2a03f5ed2,0,IS1,4.651830868,9669.6
1-1-141_jpg.rf.d7b5048ad008fe7807256ab2a03f5ed2,0,BL1,21.66497278,9669.6
1-1-145_jpg.rf.951d7dc3f96afb0de4604dc40a4c17c7,0,AOI,8.447285584,12061.5
1-1-145_jpg.rf.951d7dc3f96afb0de4604dc40a4c17c7,0,BL2,8.300452511,12061.5
1-1-145_jpg.rf.951d7dc3f96afb0de4604dc40a4c17c7,0,IS2,10.02518894,12061.5
1-1-145_jpg.rf.951d7dc3f96afb0de4604dc40a4c17c7,0,IAC,2.616700122,12061.5
1-1-145_jpg.rf.951d7dc3f96afb0de4604dc40a4c17c7,0,IS1,7.480383372,12061.5
1-1-145_jpg.rf.951d7dc3f96afb0de4604dc40a4c17c7,0,BL1,22.20746366,12061.5
1-1-16_jpg.rf.97f3f5d3c510a3628c103ca2b28a79a4,0,AOI,1.524809576,11191.95
1-1-16_jpg.rf.97f3f5d3c510a3628c103ca2b28a79a4,0,BL2,45.48228063,11191.95
1-1-16_jpg.rf.97f3f5d3c510a3628c103ca2b28a79a4,0,IS2,5.428830012,11191.95
1-1-16_jpg.rf.97f3f5d3c510a3628c103ca2b28a79a4,0,IAC,4.618766079,11191.95
1-1-16_jpg.rf.97f3f5d3c510a3628c103ca2b28a79a4,0,IS1,4.647829438,11191.95
1-1-16_jpg.rf.97f3f5d3c510a3628c103ca2b28a79a4,0,BL1,5.963986121,11191.95
1-1-189_jpg.rf.178301411e3d75b96dfc507a559ae871,0,AOI,2.201083946,12304.6
1-1-189_jpg.rf.178301411e3d75b96dfc507a559ae871,0,BL2,3.53633732,12304.6
1-1-189_jpg.rf.178301411e3d75b96dfc507a559ae871,0,IS2,2.790910317,12304.6
1-1-189_jpg.rf.178301411e3d75b96dfc507a559ae871,0,IAC,6.241867038,12304.6
1-1-189_jpg.rf.178301411e3d75b96dfc507a559ae871,0,IS1,4.583603603,12304.6
1-1-189_jpg.rf.178301411e3d75b96dfc507a559ae871,0,BL1,7.833073235,12304.6
1-1-189_jpg.rf.178301411e3d75b96dfc507a559ae871,1,AOI,4.213469842,15423.25
1-1-189_jpg.rf.178301411e3d75b96dfc507a559ae871,1,BL2,4.753439686,15423.25
1-1-189_jpg.rf.178301411e3d75b96dfc507a559ae871,1,IS2,2.865096566,15423.25
1-1-189_jpg.rf.178301411e3d75b96dfc507a559ae871,1,IAC,1.03801864,15423.25
1-1-189_jpg.rf.178301411e3d75b96dfc507a559ae871,1,IS1,0.4300668882,15423.25
1-1-189_jpg.rf.178301411e3d75b96dfc507a559ae871,1,BL1,6.951367752,15423.25
1-1-19_jpg.rf.b1da52ef2375e4d3d93a98bdbaf3e893,0,AOI,1.515808044,7199.5
1-1-19_jpg.rf.b1da52ef2375e4d3d93a98bdbaf3e893,0,BL2,14.03228098,7199.5
1-1-19_jpg.rf.b1da52ef2375e4d3d93a98bdbaf3e893,0,IS2,0.4872617505,7199.5
1-1-19_jpg.rf.b1da52ef2375e4d3d93a98bdbaf3e893,0,IAC,3.457385658,7199.5
1-1-19_jpg.rf.b1da52ef2375e4d3d93a98bdbaf3e893,0,IS1,1.714639588,7199.5
1-1-19_jpg.rf.b1da52ef2375e4d3d93a98bdbaf3e893,0,BL1,11.1600242,7199.5
1-1-19_jpg.rf.b1da52ef2375e4d3d93a98bdbaf3e893,1,AOI,2.806296212,8432
1-1-19_jpg.rf.b1da52ef2375e4d3d93a98bdbaf3e893,1,BL2,9.899796316,8432
1-1-19_jpg.rf.b1da52ef2375e4d3d93a98bdbaf3e893,1,IS2,0.368224952,8432
1-1-19_jpg.rf.b1da52ef2375e4d3d93a98bdbaf3e893,1,IAC,1.849342735,8432
1-1-19_jpg.rf.b1da52ef2375e4d3d93a98bdbaf3e893,1,IS1,0.7501086528,8432
1-1-19_jpg.rf.b1da52ef2375e4d3d93a98bdbaf3e893,1,BL1,6.762589601,8432
1-1-200_jpg.rf.c958d3e85b454d3a411ba628a0f69308,0,AOI,2.689945596,14000.35
1-1-200_jpg.rf.c958d3e85b454d3a411ba628a0f69308,0,BL2,22.30300617,14000.35
1-1-200_jpg.rf.c958d3e85b454d3a411ba628a0f69308,0,IS2,4.557741536,14000.35
1-1-200_jpg.rf.c958d3e85b454d3a411ba628a0f69308,0,IAC,7.245381608,14000.35
1-1-200_jpg.rf.c958d3e85b454d3a411ba628a0f69308,0,IS1,5.614199822,14000.35
1-1-200_jpg.rf.c958d3e85b454d3a411ba628a0f69308,0,BL1,64.06007316,14000.35
1-1-224_jpg.rf.d62ddd4113b13485c3871eede2a1f7a4,0,AOI,1.692280228,8032.5
1-1-224_jpg.rf.d62ddd4113b13485c3871eede2a1f7a4,0,BL2,3.044366671,8032.5
1-1-224_jpg.rf.d62ddd4113b13485c3871eede2a1f7a4,0,IS2,2.366379556,8032.5
1-1-224_jpg.rf.d62ddd4113b13485c3871eede2a1f7a4,0,IAC,2.444962972,8032.5
1-1-224_jpg.rf.d62ddd4113b13485c3871eede2a1f7a4,0,IS1,1.923977465,8032.5
1-1-224_jpg.rf.d62ddd4113b13485c3871eede2a1f7a4,0,BL1,3.573980245,8032.5
1-1-229_jpg.rf.71201b0b68091393b72f22d42913cfa1,0,AOI,2.076757351,8901.2
1-1-229_jpg.rf.71201b0b68091393b72f22d42913cfa1,0,BL2,7.351976012,8901.2
1-1-229_jpg.rf.71201b0b68091393b72f22d42913cfa1,0,IS2,3.297646308,8901.2
1-1-229_jpg.rf.71201b0b68091393b72f22d42913cfa1,0,IAC,2.400511949,8901.2
1-1-229_jpg.rf.71201b0b68091393b72f22d42913cfa1,0,IS1,1.637016664,8901.2
1-1-229_jpg.rf.71201b0b68091393b72f22d42913cfa1,0,BL1,5.237027049,8901.2
1-1-229_jpg.rf.71201b0b68091393b72f22d42913cfa1,1,AOI,1.020208276,8485.55
1-1-229_jpg.rf.71201b0b68091393b72f22d42913cfa1,1,BL2,5.237363811,8485.55
1-1-229_jpg.rf.71201b0b68091393b72f22d42913cfa1,1,IS2,1.170124013,8485.55
1-1-229_jpg.rf.71201b0b68091393b72f22d42913cfa1,1,IAC,2.824828745,8485.55
1-1-229_jpg.rf.71201b0b68091393b72f22d42913cfa1,1,IS1,2.228533446,8485.55
1-1-229_jpg.rf.71201b0b68091393b72f22d42913cfa1,1,BL1,1.538855739,8485.55
1-1-241_jpg.rf.55898f7f75cda555545a6f9e79eae4a0,0,AOI,4.96473014,11184.3
1-1-241_jpg.rf.55898f7f75cda555545a6f9e79eae4a0,0,BL2,3.681846074,11184.3
1-1-241_jpg.rf.55898f7f75cda555545a6f9e79eae4a0,0,IS2,3.8587155,11184.3
1-1-241_jpg.rf.55898f7f75cda555545a6f9e79eae4a0,0,IAC,1.787277222,11184.3
1-1-241_jpg.rf.55898f7f75cda555545a6f9e79eae4a0,0,IS1,3.215848813,11184.3
1-1-241_jpg.rf.55898f7f75cda555545a6f9e79eae4a0,0,BL1,4.347543473,11184.3
1-1-249_jpg.rf.9b12eac37a00c4da9ca30ab7ca46060e,0,AOI,2.064793783,12355.6
1-1-249_jpg.rf.9b12eac37a00c4da9ca30ab7ca46060e,0,BL2,3.659437328,12355.6
1-1-249_jpg.rf.9b12eac37a00c4da9ca30ab7ca46060e,0,IS2,3.636989077,12355.6
1-1-249_jpg.rf.9b12eac37a00c4da9ca30ab7ca46060e,0,IAC,2.345512431,12355.6
1-1-249_jpg.rf.9b12eac37a00c4da9ca30ab7ca46060e,0,IS1,3.102487359,12355.6
1-1-249_jpg.rf.9b12eac37a00c4da9ca30ab7ca46060e,0,BL1,8.686598517,12355.6
1-1-249_jpg.rf.9b12eac37a00c4da9ca30ab7ca46060e,1,AOI,2.929432728,12599.55
1-1-249_jpg.rf.9b12eac37a00c4da9ca30ab7ca46060e,1,BL2,7.418748859,12599.55
1-1-249_jpg.rf.9b12eac37a00c4da9ca30ab7ca46060e,1,IS2,2.510017143,12599.55
1-1-249_jpg.rf.9b12eac37a00c4da9ca30ab7ca46060e,1,IAC,2.480551491,12599.55
1-1-249_jpg.rf.9b12eac37a00c4da9ca30ab7ca46060e,1,IS1,1.932148454,12599.55
1-1-249_jpg.rf.9b12eac37a00c4da9ca30ab7ca46060e,1,BL1,14.27702826,12599.55
1-1-260_jpg.rf.3a23e0c3fdd69dd3bf7026e263b48969,0,AOI,1.334128048,10676
1-1-260_jpg.rf.3a23e0c3fdd69dd3bf7026e263b48969,0,BL2,0.4508374233,10676
1-1-260_jpg.rf.3a23e0c3fdd69dd3bf7026e263b48969,0,IS2,3.574910245,10676
1-1-260_jpg.rf.3a23e0c3fdd69dd3bf7026e263b48969,0,IAC,3.712634339,10676
1-1-260_jpg.rf.3a23e0c3fdd69dd3bf7026e263b48969,0,IS1,2.09334162,10676
1-1-260_jpg.rf.3a23e0c3fdd69dd3bf7026e263b48969,0,BL1,5.772164042,10676
1-1-268_jpg.rf.ffeba97075fc1f6d709f69b8087637e7,0,AOI,1.310376824,8998.1
1-1-268_jpg.rf.ffeba97075fc1f6d709f69b8087637e7,0,BL2,7.316069843,8998.1
1-1-268_jpg.rf.ffeba97075fc1f6d709f69b8087637e7,0,IS2,1.651966023,8998.1
1-1-268_jpg.rf.ffeba97075fc1f6d709f69b8087637e7,0,IAC,3.225925308,8998.1
1-1-268_jpg.rf.ffeba97075fc1f6d709f69b8087637e7,0,IS1,4.35077055,8998.1
1-1-268_jpg.rf.ffeba97075fc1f6d709f69b8087637e7,0,BL1,16.6628786,8998.1
1-1-283_jpg.rf.7485c546ec7bd2295d6f9c33c79ab94f,0,AOI,2.175688552,11031.3
1-1-283_jpg.rf.7485c546ec7bd2295d6f9c33c79ab94f,0,BL2,4.954312587,11031.3
1-1-283_jpg.rf.7485c546ec7bd2295d6f9c33c79ab94f,0,IS2,4.328166063,11031.3
1-1-283_jpg.rf.7485c546ec7bd2295d6f9c33c79ab94f,0,IAC,3.927604705,11031.3
1-1-283_jpg.rf.7485c546ec7bd2295d6f9c33c79ab94f,0,IS1,7.547245585,11031.3
1-1-283_jpg.rf.7485c546ec7bd2295d6f9c33c79ab94f,0,BL1,4.020333241,11031.3
1-1-288_jpg.rf.963a5d33c5685df5ff8841f2c6cc52df,0,AOI,3.605913273,12087
1-1-288_jpg.rf.963a5d33c5685df5ff8841f2c6cc52df,0,BL2,7.916941286,12087
1-1-288_jpg.rf.963a5d33c5685df5ff8841f2c6cc52df,0,IS2,1.177608519,12087
1-1-288_jpg.rf.963a5d33c5685df5ff8841f2c6cc52df,0,IAC,3.132668196,12087
1-1-288_jpg.rf.963a5d33c5685df5ff8841f2c6cc52df,0,IS1,3.971025901,12087
1-1-288_jpg.rf.963a5d33c5685df5ff8841f2c6cc52df,0,BL1,5.98362028,12087
1-1-296_jpg.rf.ce190fdb1b4a393ebab0b67e83e3324e,0,AOI,4.075258112,8051.2
1-1-296_jpg.rf.ce190fdb1b4a393ebab0b67e83e3324e,0,BL2,3.237832365,8051.2
1-1-296_jpg.rf.ce190fdb1b4a393ebab0b67e83e3324e,0,IS2,1.426661022,8051.2
1-1-296_jpg.rf.ce190fdb1b4a393ebab0b67e83e3324e,0,IAC,0.5112740212,8051.2
1-1-296_jpg.rf.ce190fdb1b4a393ebab0b67e83e3324e,0,IS1,0.6039886808,8051.2
1-1-296_jpg.rf.ce190fdb1b4a393ebab0b67e83e3324e,0,BL1,5.805594617,8051.2
1-1-296_jpg.rf.ce190fdb1b4a393ebab0b67e83e3324e,1,AOI,3.250457761,11725.75
1-1-296_jpg.rf.ce190fdb1b4a393ebab0b67e83e3324e,1,BL2,6.549112028,11725.75
1-1-296_jpg.rf.ce190fdb1b4a393ebab0b67e83e3324e,1,IS2,3.37869271,11725.75
1-1-296_jpg.rf.ce190fdb1b4a393ebab0b67e83e3324e,1,IAC,1.868994087,11725.75
1-1-296_jpg.rf.ce190fdb1b4a393ebab0b67e83e3324e,1,IS1,2.224601561,11725.75
1-1-296_jpg.rf.ce190fdb1b4a393ebab0b67e83e3324e,1,BL1,10.14468955,11725.75
1-1-2_jpg.rf.6a4d644c96cba77436d6f06331758b3b,0,AOI,9.626741076,9747.8
1-1-2_jpg.rf.6a4d644c96cba77436d6f06331758b3b,0,BL2,22.46096324,9747.8
1-1-2_jpg.rf.6a4d644c96cba77436d6f06331758b3b,0,IS2,3.400138897,9747.8
1-1-2_jpg.rf.6a4d644c96cba77436d6f06331758b3b,0,IAC,3.119469387,9747.8
1-1-2_jpg.rf.6a4d644c96cba77436d6f06331758b3b,0,IS1,1.437459716,9747.8
1-1-2_jpg.rf.6a4d644c96cba77436d6f06331758b3b,0,BL1,25.34312105,9747.8
1-1-32_jpg.rf.9414076b270f2b46a68890c2ccce6e97,0,AOI,1.917069197,14827.4
1-1-32_jpg.rf.9414076b270f2b46a68890c2ccce6e97,0,BL2,18.56230512,14827.4
1-1-32_jpg.rf.9414076b270f2b46a68890c2ccce6e97,0,IS2,2.795732711,14827.4
1-1-32_jpg.rf.9414076b270f2b46a68890c2ccce6e97,0,IAC,1.072598555,14827.4
1-1-32_jpg.rf.9414076b270f2b46a68890c2ccce6e97,0,IS1,12.97053507,14827.4
1-1-32_jpg.rf.9414076b270f2b46a68890c2ccce6e97,0,BL1,19.49197857,14827.4
1-1-37_jpg.rf.e9b574dfa79a5ae6221543cf792a6cff,0,AOI,1.554879261,14053.05
1-1-37_jpg.rf.e9b574dfa79a5ae6221543cf792a6cff,0,BL2,3.525314203,14053.05
1-1-37_jpg.rf.e9b574dfa79a5ae6221543cf792a6cff,0,IS2,4.553639182,14053.05
1-1-37_jpg.rf.e9b574dfa79a5ae6221543cf792a6cff,0,IAC,2.061180015,14053.05
1-1-37_jpg.rf.e9b574dfa79a5ae6221543cf792a6cff,0,IS1,6.424261574,14053.05
1-1-37_jpg.rf.e9b574dfa79a5ae6221543cf792a6cff,0,BL1,6.488970456,14053.05
1-1-41_jpg.rf.db53159c7083ee3b171aa93d1d8d2d17,0,AOI,4.069488537,11617.8
1-1-41_jpg.rf.db53159c7083ee3b171aa93d1d8d2d17,0,BL2,26.35726211,11617.8
1-1-41_jpg.rf.db53159c7083ee3b171aa93d1d8d2d17,0,IS2,3.572111589,11617.8
1-1-41_jpg.rf.db53159c7083ee3b171aa93d1d8d2d17,0,IAC,4.931259803,11617.8
1-1-41_jpg.rf.db53159c7083ee3b171aa93d1d8d2d17,0,IS1,4.730283311,11617.8
1-1-41_jpg.rf.db53159c7083ee3b171aa93d1d8d2d17,0,BL1,1.767632931,11617.8
1-1-51_jpg.rf.e86b199bd9377617267d3c0df4d4b6bf,0,AOI,2.214740162,14642.1
1-1-51_jpg.rf.e86b199bd9377617267d3c0df4d4b6bf,0,BL2,5.822278314,14642.1
1-1-51_jpg.rf.e86b199bd9377617267d3c0df4d4b6bf,0,IS2,4.487688605,14642.1
1-1-51_jpg.rf.e86b199bd9377617267d3c0df4d4b6bf,0,IAC,3.497549345,14642.1
1-1-51_jpg.rf.e86b199bd9377617267d3c0df4d4b6bf,0,IS1,4.999596265,14642.1
1-1-51_jpg.rf.e86b199bd9377617267d3c0df4d4b6bf,0,BL1,21.68611031,14642.1
1-1-52_jpg.rf.4fa6a412ad5ccf565ae00102ec26ce38,0,AOI,1.556943877,12435.5
1-1-52_jpg.rf.4fa6a412ad5ccf565ae00102ec26ce38,0,BL2,33.09781952,12435.5
1-1-52_jpg.rf.4fa6a412ad5ccf565ae00102ec26ce38,0,IS2,2.292472285,12435.5
1-1-52_jpg.rf.4fa6a412ad5ccf565ae00102ec26ce38,0,IAC,1.987420575,12435.5
1-1-52_jpg.rf.4fa6a412ad5ccf565ae00102ec26ce38,0,IS1,0.8679783688,12435.5
1-1-52_jpg.rf.4fa6a412ad5ccf565ae00102ec26ce38,0,BL1,17.14358698,12435.5
1-1-53_jpg.rf.a1f9fa600d333f5e46f63e8a74e77268,0,AOI,6.258384515,16438.15
1-1-53_jpg.rf.a1f9fa600d333f5e46f63e8a74e77268,0,BL2,9.316236397,16438.15
1-1-53_jpg.rf.a1f9fa600d333f5e46f63e8a74e77268,0,IS2,12.19227874,16438.15
1-1-53_jpg.rf.a1f9fa600d333f5e46f63e8a74e77268,0,IAC,10.73152354,16438.15
1-1-53_jpg.rf.a1f9fa600d333f5e46f63e8a74e77268,0,IS1,10.10268747,16438.15
1-1-53_jpg.rf.a1f9fa600d333f5e46f63e8a74e77268,0,BL1,5.270085435,16438.15
1-1-53_jpg.rf.a1f9fa600d333f5e46f63e8a74e77268,1,AOI,4.365832688,15752.2
1-1-53_jpg.rf.a1f9fa600d333f5e46f63e8a74e77268,1,BL2,36.26600446,15752.2
1-1-53_jpg.rf.a1f9fa600d333f5e46f63e8a74e77268,1,IS2,3.741508425,15752.2
1-1-53_jpg.rf.a1f9fa600d333f5e46f63e8a74e77268,1,IAC,0.4516584251,15752.2
1-1-53_jpg.rf.a1f9fa600d333f5e46f63e8a74e77268,1,IS1,4.700909067,15752.2
1-1-53_jpg.rf.a1f9fa600d333f5e46f63e8a74e77268,1,BL1,23.87539204,15752.2
1-1-67_jpg.rf.82057ced5d06e369f7619ed7e328bcf6,0,AOI,2.776095836,14637
1-1-67_jpg.rf.82057ced5d06e369f7619ed7e328bcf6,0,BL2,3.690057838,14637
1-1-67_jpg.rf.82057ced5d06e369f7619ed7e328bcf6,0,IS2,16.91622097,14637
1-1-67_jpg.rf.82057ced5d06e369f7619ed7e328bcf6,0,IAC,24.44996968,14637
1-1-67_jpg.rf.82057ced5d06e369f7619ed7e328bcf6,0,IS1,24.08906388,14637
1-1-67_jpg.rf.82057ced5d06e369f7619ed7e328bcf6,0,BL1,11.0587049,14637
1-1-67_jpg.rf.82057ced5d06e369f7619ed7e328bcf6,1,AOI,1.776738898,15508.25
1-1-67_jpg.rf.82057ced5d06e369f7619ed7e328bcf6,1,BL2,11.29652197,15508.25
1-1-67_jpg.rf.82057ced5d06e369f7619ed7e328bcf6,1,IS2,3.980572899,15508.25
1-1-67_jpg.rf.82057ced5d06e369f7619ed7e328bcf6,1,IAC,5.873838878,15508.25
1-1-67_jpg.rf.82057ced5d06e369f7619ed7e328bcf6,1,IS1,7.932858589,15508.25
1-1-67_jpg.rf.82057ced5d06e369f7619ed7e328bcf6,1,BL1,3.872998696,15508.25
1-1-69_jpg.rf.8f22e863c1d1c93963a04d9f321ab54d,0,AOI,0.2990936333,18650.7
1-1-69_jpg.rf.8f22e863c1d1c93963a04d9f321ab54d,0,BL2,60.66222733,18650.7
1-1-69_jpg.rf.8f22e863c1d1c93963a04d9f321ab54d,0,IS2,5.048643297,18650.7
1-1-69_jpg.rf.8f22e863c1d1c93963a04d9f321ab54d,0,IAC,3.33752716,18650.7
1-1-69_jpg.rf.8f22e863c1d1c93963a04d9f321ab54d,0,IS1,0.8064050437,18650.7
1-1-69_jpg.rf.8f22e863c1d1c93963a04d9f321ab54d,0,BL1,22.47371092,18650.7
1-1-72_jpg.rf.65661d99090c08804adc7cf95aa21c14,0,AOI,6.642331211,16488.3
1-1-72_jpg.rf.65661d99090c08804adc7cf95aa21c14,0,BL2,7.19590749,16488.3
1-1-72_jpg.rf.65661d99090c08804adc7cf95aa21c14,0,IS2,7.494525674,16488.3
1-1-72_jpg.rf.65661d99090c08804adc7cf95aa21c14,0,IAC,4.303488374,16488.3
1-1-72_jpg.rf.65661d99090c08804adc7cf95aa21c14,0,IS1,4.054953943,16488.3
1-1-72_jpg.rf.65661d99090c08804adc7cf95aa21c14,0,BL1,4.384805908,16488.3
1-1-73_jpg.rf.9e7cb924fada67d0ea54ddb48c516fbd,0,AOI,1.168300674,14871.6
1-1-73_jpg.rf.9e7cb924fada67d0ea54ddb48c516fbd,0,BL2,40.98054042,14871.6
1-1-73_jpg.rf.9e7cb924fada67d0ea54ddb48c516fbd,0,IS2,2.696871322,14871.6
1-1-73_jpg.rf.9e7cb924fada67d0ea54ddb48c516fbd,0,IAC,1.645153362,14871.6
1-1-73_jpg.rf.9e7cb924fada67d0ea54ddb48c516fbd,0,IS1,1.630276516,14871.6
1-1-73_jpg.rf.9e7cb924fada67d0ea54ddb48c516fbd,0,BL1,32.92654628,14871.6
1-1-81_jpg.rf.c017f05100dc8b53236a8343d8076cf1,0,AOI,2.610425024,12552.8
1-1-81_jpg.rf.c017f05100dc8b53236a8343d8076cf1,0,BL2,4.012274162,12552.8
1-1-81_jpg.rf.c017f05100dc8b53236a8343d8076cf1,0,IS2,1.843133538,12552.8
1-1-81_jpg.rf.c017f05100dc8b53236a8343d8076cf1,0,IAC,1.314621876,12552.8
1-1-81_jpg.rf.c017f05100dc8b53236a8343d8076cf1,0,IS1,2.2042778,12552.8
1-1-81_jpg.rf.c017f05100dc8b53236a8343d8076cf1,0,BL1,1.428132418,12552.8
1-1-98_jpg.rf.48a5b29ce36aac7f868f30e3edb51813,0,AOI,10.99936107,12042.8
1-1-98_jpg.rf.48a5b29ce36aac7f868f30e3edb51813,0,BL2,36.99749721,12042.8
1-1-98_jpg.rf.48a5b29ce36aac7f868f30e3edb51813,0,IS2,5.236021341,12042.8
1-1-98_jpg.rf.48a5b29ce36aac7f868f30e3edb51813,0,IAC,4.824583985,12042.8
1-1-98_jpg.rf.48a5b29ce36aac7f868f30e3edb51813,0,IS1,6.44227673,12042.8
1-1-98_jpg.rf.48a5b29ce36aac7f868f30e3edb51813,0,BL1,63.82768899,12042.8
11053-B-02_0_jpg.rf.225d1a87c5a6154e3fd211e9503ac2ba,0,AOI,2.916033409,40147.2
11053-B-02_0_jpg.rf.225d1a87c5a6154e3fd211e9503ac2ba,0,BL2,19.37124984,40147.2
11053-B-02_0_jpg.rf.225d1a87c5a6154e3fd211e9503ac2ba,0,IS2,2.316681138,40147.2
11053-B-02_0_jpg.rf.225d1a87c5a6154e3fd211e9503ac2ba,0,IAC,0.3515936759,40147.2
11053-B-02_0_jpg.rf.225d1a87c5a6154e3fd211e9503ac2ba,0,IS1,4.842272615,40147.2
11053-B-02_0_jpg.rf.225d1a87c5a6154e3fd211e9503ac2ba,0,BL1,13.19288924,40147.2
15459-B-01_0_jpg.rf.fbfab2000bda97069795ff68e3dbe0a3,0,AOI,10.50162683,102714
15459-B-01_0_jpg.rf.fbfab2000bda97069795ff68e3dbe0a3,0,BL2,9.989587755,102714
15459-B-01_0_jpg.rf.fbfab2000bda97069795ff68e3dbe0a3,0,IS2,4.861336493,102714
15459-B-01_0_jpg.rf.fbfab2000bda97069795ff68e3dbe0a3,0,IAC,4.767809236,102714
15459-B-01_0_jpg.rf.fbfab2000bda97069795ff68e3dbe0a3,0,IS1,6.872930746,102714
15459-B-01_0_jpg.rf.fbfab2000bda97069795ff68e3dbe0a3,0,BL1,11.00383623,102714
2-1-3_jpg.rf.600c3d0e8a0e8d03c9a9bda9ef0dadae,0,AOI,3.751208594,15109.6
2-1-3_jpg.rf.600c3d0e8a0e8d03c9a9bda9ef0dadae,0,BL2,15.29306018,15109.6
2-1-3_jpg.rf.600c3d0e8a0e8d03c9a9bda9ef0dadae,0,IS2,8.670934582,15109.6
2-1-3_jpg.rf.600c3d0e8a0e8d03c9a9bda9ef0dadae,0,IAC,3.68009453,15109.6
2-1-3_jpg.rf.600c3d0e8a0e8d03c9a9bda9ef0dadae,0,IS1,3.241342053,15109.6
2-1-3_jpg.rf.600c3d0e8a0e8d03c9a9bda9ef0dadae,0,BL1,13.46009022,15109.6
2-1-47_jpg.rf.cbc5206f1e30668471fc9277e8e50a61,0,AOI,1.958196519,21407.25
2-1-47_jpg.rf.cbc5206f1e30668471fc9277e8e50a61,0,BL2,22.9549151,21407.25
2-1-47_jpg.rf.cbc5206f1e30668471fc9277e8e50a61,0,IS2,5.899407677,21407.25
2-1-47_jpg.rf.cbc5206f1e30668471fc9277e8e50a61,0,IAC,3.59891866,21407.25
2-1-47_jpg.rf.cbc5206f1e30668471fc9277e8e50a61,0,IS1,3.89409824,21407.25
2-1-47_jpg.rf.cbc5206f1e30668471fc9277e8e50a61,0,BL1,10.77897725,21407.25
2-1-5_jpg.rf.252d8507e25e45ff9d501ec983a9b595,0,AOI,1.406750543,20527.5
2-1-5_jpg.rf.252d8507e25e45ff9d501ec983a9b595,0,BL2,7.366970406,20527.5
2-1-5_jpg.rf.252d8507e25e45ff9d501ec983a9b595,0,IS2,0.8038301807,20527.5
2-1-5_jpg.rf.252d8507e25e45ff9d501ec983a9b595,0,IAC,0.9408629157,20527.5
2-1-5_jpg.rf.252d8507e25e45ff9d501ec983a9b595,0,IS1,2.848414587,20527.5
2-1-5_jpg.rf.252d8507e25e45ff9d501ec983a9b595,0,BL1,3.06784364,20527.5
2-1-62_jpg.rf.cb5c0cc1e10dcd80fa1140fcb2944c8e,0,AOI,5.036939499,21034.95
2-1-62_jpg.rf.cb5c0cc1e10dcd80fa1140fcb2944c8e,0,BL2,26.1090109,21034.95
2-1-62_jpg.rf.cb5c0cc1e10dcd80fa1140fcb2944c8e,0,IS2,7.22053854,21034.95
2-1-62_jpg.rf.cb5c0cc1e10dcd80fa1140fcb2944c8e,0,IAC,3.66528531,21034.95
2-1-62_jpg.rf.cb5c0cc1e10dcd80fa1140fcb2944c8e,0,IS1,0.2687363961,21034.95
2-1-62_jpg.rf.cb5c0cc1e10dcd80fa1140fcb2944c8e,0,BL1,35.93415863,21034.95
2-1-63_jpg.rf.5c93a08c867833beeb2383013ab66e65,0,AOI,2.877028971,25165.1
2-1-63_jpg.rf.5c93a08c867833beeb2383013ab66e65,0,BL2,8.460469196,25165.1
2-1-63_jpg.rf.5c93a08c867833beeb2383013ab66e65,0,IS2,3.692727148,25165.1
2-1-63_jpg.rf.5c93a08c867833beeb2383013ab66e65,0,IAC,3.202443263,25165.1
2-1-63_jpg.rf.5c93a08c867833beeb2383013ab66e65,0,IS1,8.305308382,25165.1
2-1-63_jpg.rf.5c93a08c867833beeb2383013ab66e65,0,BL1,4.497937436,25165.1
2-1-65_jpg.rf.7e8366b4605bf1d968e106ad77a38bef,0,AOI,3.593338486,20012.4
2-1-65_jpg.rf.7e8366b4605bf1d968e106ad77a38bef,0,BL2,6.020903318,20012.4
2-1-65_jpg.rf.7e8366b4605bf1d968e106ad77a38bef,0,IS2,2.802339146,20012.4
2-1-65_jpg.rf.7e8366b4605bf1d968e106ad77a38bef,0,IAC,3.97107085,20012.4
2-1-65_jpg.rf.7e8366b4605bf1d968e106ad77a38bef,0,IS1,1.612918016,20012.4
2-1-65_jpg.rf.7e8366b4605bf1d968e106ad77a38bef,0,BL1,6.334695606,20012.4
2-1-67_jpg.rf.f7242e97204b3f5fcb56564691d3c147,0,AOI,3.709025015,29199.2
2-1-67_jpg.rf.f7242e97204b3f5fcb56564691d3c147,0,BL2,28.88129118,29199.2
2-1-67_jpg.rf.f7242e97204b3f5fcb56564691d3c147,0,IS2,9.369305996,29199.2
2-1-67_jpg.rf.f7242e97204b3f5fcb56564691d3c147,0,IAC,4.936861646,29199.2
2-1-67_jpg.rf.f7242e97204b3f5fcb56564691d3c147,0,IS1,8.295873833,29199.2
2-1-67_jpg.rf.f7242e97204b3f5fcb56564691d3c147,0,BL1,3.704426044,29199.2
2-1-_jpg.rf.e7927f3070cffd724a65038c17c1848d,0,AOI,2.331149549,14541.8
2-1-_jpg.rf.e7927f3070cffd724a65038c17c1848d,0,BL2,9.983761668,14541.8
2-1-_jpg.rf.e7927f3070cffd724a65038c17c1848d,0,IS2,2.6046909,14541.8
2-1-_jpg.rf.e7927f3070cffd724a65038c17c1848d,0,IAC,0.5120700488,14541.8
2-1-_jpg.rf.e7927f3070cffd724a65038c17c1848d,0,IS1,1.956853447,14541.8
2-1-_jpg.rf.e7927f3070cffd724a65038c17c1848d,0,BL1,7.369411181,14541.8
3-2-85_jpg.rf.a0abf6f74d3b7ecebec16e701933484b,0,AOI,0.6728457674,435.2
3-2-85_jpg.rf.a0abf6f74d3b7ecebec16e701933484b,0,BL2,3.084170228,435.2
3-2-85_jpg.rf.a0abf6f74d3b7ecebec16e701933484b,0,IS2,2.861230377,435.2
3-2-85_jpg.rf.a0abf6f74d3b7ecebec16e701933484b,0,IAC,3.465685682,435.2
3-2-85_jpg.rf.a0abf6f74d3b7ecebec16e701933484b,0,IS1,2.207772981,435.2
3-2-85_jpg.rf.a0abf6f74d3b7ecebec16e701933484b,0,BL1,3.0601532,435.2
3-2-86_jpg.rf.ee7a35eaecc04fe892e7b09ba9239351,0,AOI,1.767602132,1281.8
3-2-86_jpg.rf.ee7a35eaecc04fe892e7b09ba9239351,0,BL2,6.06002722,1281.8
3-2-86_jpg.rf.ee7a35eaecc04fe892e7b09ba9239351,0,IS2,3.697993917,1281.8
3-2-86_jpg.rf.ee7a35eaecc04fe892e7b09ba9239351,0,IAC,2.099736959,1281.8
3-2-86_jpg.rf.ee7a35eaecc04fe892e7b09ba9239351,0,IS1,2.816343642,1281.8
3-2-86_jpg.rf.ee7a35eaecc04fe892e7b09ba9239351,0,BL1,8.811883622,1281.8
3-2-86_jpg.rf.ee7a35eaecc04fe892e7b09ba9239351,1,AOI,0.8023358573,836.4
3-2-86_jpg.rf.ee7a35eaecc04fe892e7b09ba9239351,1,BL2,0.7397126613,836.4
3-2-86_jpg.rf.ee7a35eaecc04fe892e7b09ba9239351,1,IS2,1.304933735,836.4
3-2-86_jpg.rf.ee7a35eaecc04fe892e7b09ba9239351,1,IAC,1.194070589,836.4
3-2-86_jpg.rf.ee7a35eaecc04fe892e7b09ba9239351,1,IS1,1.040987902,836.4
3-2-86_jpg.rf.ee7a35eaecc04fe892e7b09ba9239351,1,BL1,5.137593904,836.4
3-2-91_jpg.rf.1dbee6dfcf90e5e4f4eaad576e51d072,0,AOI,1.703205955,801.55
3-2-91_jpg.rf.1dbee6dfcf90e5e4f4eaad576e51d072,0,BL2,7.868636397,801.55
3-2-91_jpg.rf.1dbee6dfcf90e5e4f4eaad576e51d072,0,IS2,0.2762159498,801.55
3-2-91_jpg.rf.1dbee6dfcf90e5e4f4eaad576e51d072,0,IAC,0.7755396262,801.55
3-2-91_jpg.rf.1dbee6dfcf90e5e4f4eaad576e51d072,0,IS1,1.425837133,801.55
3-2-91_jpg.rf.1dbee6dfcf90e5e4f4eaad576e51d072,0,BL1,4.803866468,801.55
4-1-103_jpg.rf.272bd27d042ea087a20e2ce66f924ce4,0,AOI,10.67693499,20508.8
4-1-103_jpg.rf.272bd27d042ea087a20e2ce66f924ce4,0,BL2,18.98766877,20508.8
4-1-103_jpg.rf.272bd27d042ea087a20e2ce66f924ce4,0,IS2,11.36738796,20508.8
4-1-103_jpg.rf.272bd27d042ea087a20e2ce66f924ce4,0,IAC,13.64008849,20508.8
4-1-103_jpg.rf.272bd27d042ea087a20e2ce66f924ce4,0,IS1,18.23911257,20508.8
4-1-103_jpg.rf.272bd27d042ea087a20e2ce66f924ce4,0,BL1,7.586658498,20508.8
4-1-108_jpg.rf.4482fffbd0f7474154373d8ef007411a,0,AOI,6.415769498,14541.8
4-1-108_jpg.rf.4482fffbd0f7474154373d8ef007411a,0,BL2,50.45485589,14541.8
4-1-108_jpg.rf.4482fffbd0f7474154373d8ef007411a,0,IS2,2.062604053,14541.8
4-1-108_jpg.rf.4482fffbd0f7474154373d8ef007411a,0,IAC,4.193485852,14541.8
4-1-108_jpg.rf.4482fffbd0f7474154373d8ef007411a,0,IS1,5.691925262,14541.8
4-1-108_jpg.rf.4482fffbd0f7474154373d8ef007411a,0,BL1,9.670910687,14541.8
4-1-143_jpg.rf.20ef2202ecb10552c11780789c735237,0,AOI,2.912199144,15912
4-1-143_jpg.rf.20ef2202ecb10552c11780789c735237,0,BL2,14.06455047,15912
4-1-143_jpg.rf.20ef2202ecb10552c11780789c735237,0,IS2,9.831493197,15912
4-1-143_jpg.rf.20ef2202ecb10552c11780789c735237,0,IAC,20.39157861,15912
4-1-143_jpg.rf.20ef2202ecb10552c11780789c735237,0,IS1,27.71115174,15912
4-1-143_jpg.rf.20ef2202ecb10552c11780789c735237,0,BL1,26.48698147,15912
4-1-164_jpg.rf.db3448d546f675d0f4911b3093bd50cd,0,AOI,5.891611783,8624.95
4-1-164_jpg.rf.db3448d546f675d0f4911b3093bd50cd,0,BL2,7.930597617,8624.95
4-1-164_jpg.rf.db3448d546f675d0f4911b3093bd50cd,0,IS2,3.061617381,8624.95
4-1-164_jpg.rf.db3448d546f675d0f4911b3093bd50cd,0,IAC,1.997679006,8624.95
4-1-164_jpg.rf.db3448d546f675d0f4911b3093bd50cd,0,IS1,1.342986167,8624.95
4-1-164_jpg.rf.db3448d546f675d0f4911b3093bd50cd,0,BL1,2.274947804,8624.95
4-1-164_jpg.rf.db3448d546f675d0f4911b3093bd50cd,1,AOI,2.405527983,7206.3
4-1-164_jpg.rf.db3448d546f675d0f4911b3093bd50cd,1,BL2,9.177751232,7206.3
4-1-164_jpg.rf.db3448d546f675d0f4911b3093bd50cd,1,IS2,4.676234823,7206.3
4-1-164_jpg.rf.db3448d546f675d0f4911b3093bd50cd,1,IAC,4.462205823,7206.3
4-1-164_jpg.rf.db3448d546f675d0f4911b3093bd50cd,1,IS1,1.783454585,7206.3
4-1-164_jpg.rf.db3448d546f675d0f4911b3093bd50cd,1,BL1,9.418258979,7206.3
4-1-170_jpg.rf.17b24472dc6f0d864b1064450f36f057,0,AOI,2.2621403,13536.25
4-1-170_jpg.rf.17b24472dc6f0d864b1064450f36f057,0,BL2,0.2924075065,13536.25
4-1-170_jpg.rf.17b24472dc6f0d864b1064450f36f057,0,IS2,7.482036935,13536.25
4-1-170_jpg.rf.17b24472dc6f0d864b1064450f36f057,0,IAC,10.7953567,13536.25
4-1-170_jpg.rf.17b24472dc6f0d864b1064450f36f057,0,IS1,9.26753297,13536.25
4-1-170_jpg.rf.17b24472dc6f0d864b1064450f36f057,0,BL1,3.035184041,13536.25
4-1-18_jpg.rf.4794a9f6a6ee80643dfb72c0ad04faf4,0,AOI,2.880817104,12609.75
4-1-18_jpg.rf.4794a9f6a6ee80643dfb72c0ad04faf4,0,BL2,2.905818464,12609.75
4-1-18_jpg.rf.4794a9f6a6ee80643dfb72c0ad04faf4,0,IS2,2.287450564,12609.75
4-1-18_jpg.rf.4794a9f6a6ee80643dfb72c0ad04faf4,0,IAC,1.720785477,12609.75
4-1-18_jpg.rf.4794a9f6a6ee80643dfb72c0ad04faf4,0,IS1,2.141942563,12609.75
4-1-18_jpg.rf.4794a9f6a6ee80643dfb72c0ad04faf4,0,BL1,4.891517796,12609.75
4-1-190_jpg.rf.462e9ac25c26eae6a3e5d3bd1eb33301,0,AOI,2.132473519,16306.4
4-1-190_jpg.rf.462e9ac25c26eae6a3e5d3bd1eb33301,0,BL2,28.6118977,16306.4
4-1-190_jpg.rf.462e9ac25c26eae6a3e5d3bd1eb33301,0,IS2,4.905287754,16306.4
4-1-190_jpg.rf.462e9ac25c26eae6a3e5d3bd1eb33301,0,IAC,4.388950949,16306.4
4-1-190_jpg.rf.462e9ac25c26eae6a3e5d3bd1eb33301,0,IS1,2.867126444,16306.4
4-1-190_jpg.rf.462e9ac25c26eae6a3e5d3bd1eb33301,0,BL1,41.57075989,16306.4
4-1-190_jpg.rf.462e9ac25c26eae6a3e5d3bd1eb33301,1,AOI,0.849640325,12193.25
4-1-190_jpg.rf.462e9ac25c26eae6a3e5d3bd1eb33301,1,BL2,4.651535703,12193.25
4-1-190_jpg.rf.462e9ac25c26eae6a3e5d3bd1eb33301,1,IS2,3.417081164,12193.25
4-1-190_jpg.rf.462e9ac25c26eae6a3e5d3bd1eb33301,1,IAC,0.5749230818,12193.25
4-1-190_jpg.rf.462e9ac25c26eae6a3e5d3bd1eb33301,1,IS1,2.738158044,12193.25
4-1-190_jpg.rf.462e9ac25c26eae6a3e5d3bd1eb33301,1,BL1,8.000302695,12193.25
4-1-194_jpg.rf.e5c027f61ab31e4c10b394e5c1721ad0,0,AOI,0.7113721541,11145.2
4-1-194_jpg.rf.e5c027f61ab31e4c10b394e5c1721ad0,0,BL2,1.602256882,11145.2
4-1-194_jpg.rf.e5c027f61ab31e4c10b394e5c1721ad0,0,IS2,6.290922943,11145.2
4-1-194_jpg.rf.e5c027f61ab31e4c10b394e5c1721ad0,0,IAC,1.568089908,11145.2
4-1-194_jpg.rf.e5c027f61ab31e4c10b394e5c1721ad0,0,IS1,2.55749745,11145.2
4-1-194_jpg.rf.e5c027f61ab31e4c10b394e5c1721ad0,0,BL1,8.272195365,11145.2
4-1-198_jpg.rf.08d176713106124cee7d0611f88fdbad,0,AOI,1.190064741,8562.9
4-1-198_jpg.rf.08d176713106124cee7d0611f88fdbad,0,BL2,2.374571961,8562.9
4-1-198_jpg.rf.08d176713106124cee7d0611f88fdbad,0,IS2,1.265653977,8562.9
4-1-198_jpg.rf.08d176713106124cee7d0611f88fdbad,0,IAC,2.86782756,8562.9
4-1-198_jpg.rf.08d176713106124cee7d0611f88fdbad,0,IS1,4.46348568,8562.9
4-1-198_jpg.rf.08d176713106124cee7d0611f88fdbad,0,BL1,0.6457960739,8562.9
4-1-215_jpg.rf.93a9b26903af6980f3228d2ad4075588,0,AOI,3.103449806,9480.9
4-1-215_jpg.rf.93a9b26903af6980f3228d2ad4075588,0,BL2,5.164543554,9480.9
4-1-215_jpg.rf.93a9b26903af6980f3228d2ad4075588,0,IS2,1.735958637,9480.9
4-1-215_jpg.rf.93a9b26903af6980f3228d2ad4075588,0,IAC,0.7906280493,9480.9
4-1-215_jpg.rf.93a9b26903af6980f3228d2ad4075588,0,IS1,2.922081005,9480.9
4-1-215_jpg.rf.93a9b26903af6980f3228d2ad4075588,0,BL1,5.261833559,9480.9
4-1-215_jpg.rf.93a9b26903af6980f3228d2ad4075588,1,AOI,1.020900003,7622.8
4-1-215_jpg.rf.93a9b26903af6980f3228d2ad4075588,1,BL2,11.17765965,7622.8
4-1-215_jpg.rf.93a9b26903af6980f3228d2ad4075588,1,IS2,2.494734136,7622.8
4-1-215_jpg.rf.93a9b26903af6980f3228d2ad4075588,1,IAC,2.177915402,7622.8
4-1-215_jpg.rf.93a9b26903af6980f3228d2ad4075588,1,IS1,1.914395104,7622.8
4-1-215_jpg.rf.93a9b26903af6980f3228d2ad4075588,1,BL1,6.349536885,7622.8
4-1-65_jpg.rf.4cd9c4aa05a03bc48274ad476d924668,0,AOI,3.626517482,16150
4-1-65_jpg.rf.4cd9c4aa05a03bc48274ad476d924668,0,BL2,1.680467894,16150
4-1-65_jpg.rf.4cd9c4aa05a03bc48274ad476d924668,0,IS2,2.865484857,16150
4-1-65_jpg.rf.4cd9c4aa05a03bc48274ad476d924668,0,IAC,1.032781332,16150
4-1-65_jpg.rf.4cd9c4aa05a03bc48274ad476d924668,0,IS1,3.832696459,16150
4-1-65_jpg.rf.4cd9c4aa05a03bc48274ad476d924668,0,BL1,0.9232809569,16150
4-1-68_jpg.rf.b2bc1824cd912b30e0094f41e71eeb73,0,AOI,3.638700965,9316
4-1-68_jpg.rf.b2bc1824cd912b30e0094f41e71eeb73,0,BL2,3.043647905,9316
4-1-68_jpg.rf.b2bc1824cd912b30e0094f41e71eeb73,0,IS2,4.523522817,9316
4-1-68_jpg.rf.b2bc1824cd912b30e0094f41e71eeb73,0,IAC,1.972345853,9316
4-1-68_jpg.rf.b2bc1824cd912b30e0094f41e71eeb73,0,IS1,1.004730081,9316
4-1-68_jpg.rf.b2bc1824cd912b30e0094f41e71eeb73,0,BL1,3.470100109,9316
4-1-76_jpg.rf.a3b31287e3da123efe49f670a796d7f1,0,AOI,1.027854283,8314.7
4-1-76_jpg.rf.a3b31287e3da123efe49f670a796d7f1,0,BL2,6.139290343,8314.7
4-1-76_jpg.rf.a3b31287e3da123efe49f670a796d7f1,0,IS2,1.897234402,8314.7
4-1-76_jpg.rf.a3b31287e3da123efe49f670a796d7f1,0,IAC,1.114693476,8314.7
4-1-76_jpg.rf.a3b31287e3da123efe49f670a796d7f1,0,IS1,0.1691097659,8314.7
4-1-76_jpg.rf.a3b31287e3da123efe49f670a796d7f1,0,BL1,5.428466216,8314.7
4-1-76_jpg.rf.a3b31287e3da123efe49f670a796d7f1,1,AOI,4.004055638,9282
4-1-76_jpg.rf.a3b31287e3da123efe49f670a796d7f1,1,BL2,19.81034905,9282
4-1-76_jpg.rf.a3b31287e3da123efe49f670a796d7f1,1,IS2,4.524914642,9282
4-1-76_jpg.rf.a3b31287e3da123efe49f670a796d7f1,1,IAC,3.510037675,9282
4-1-76_jpg.rf.a3b31287e3da123efe49f670a796d7f1,1,IS1,5.698748143,9282
4-1-76_jpg.rf.a3b31287e3da123efe49f670a796d7f1,1,BL1,6.725353659,9282
4-1-80_jpg.rf.701fdaddb9fc9142f3e9fc84d7e69dab,0,AOI,4.801762805,14288.5
4-1-80_jpg.rf.701fdaddb9fc9142f3e9fc84d7e69dab,0,BL2,2.844392833,14288.5
4-1-80_jpg.rf.701fdaddb9fc9142f3e9fc84d7e69dab,0,IS2,0.9628868952,14288.5
4-1-80_jpg.rf.701fdaddb9fc9142f3e9fc84d7e69dab,0,IAC,3.794641428,14288.5
4-1-80_jpg.rf.701fdaddb9fc9142f3e9fc84d7e69dab,0,IS1,10.76772562,14288.5
4-1-80_jpg.rf.701fdaddb9fc9142f3e9fc84d7e69dab,0,BL1,5.596071334,14288.5
4-1-88_jpg.rf.7ce8063a1ae0b1e8ad6d2799c6f46f16,0,AOI,1.046715731,10733.8
4-1-88_jpg.rf.7ce8063a1ae0b1e8ad6d2799c6f46f16,0,BL2,1.288293712,10733.8
4-1-88_jpg.rf.7ce8063a1ae0b1e8ad6d2799c6f46f16,0,IS2,2.939401072,10733.8
4-1-88_jpg.rf.7ce8063a1ae0b1e8ad6d2799c6f46f16,0,IAC,1.773040626,10733.8
4-1-88_jpg.rf.7ce8063a1ae0b1e8ad6d2799c6f46f16,0,IS1,1.352430062,10733.8
4-1-88_jpg.rf.7ce8063a1ae0b1e8ad6d2799c6f46f16,0,BL1,13.19854331,10733.8
4-2-168_jpg.rf.b3fd15d9c14084c34b6681b178016be5,0,AOI,1.852210119,10227.2
4-2-168_jpg.rf.b3fd15d9c14084c34b6681b178016be5,0,BL2,3.105952552,10227.2
4-2-168_jpg.rf.b3fd15d9c14084c34b6681b178016be5,0,IS2,2.793004985,10227.2
4-2-168_jpg.rf.b3fd15d9c14084c34b6681b178016be5,0,IAC,2.581840781,10227.2
4-2-168_jpg.rf.b3fd15d9c14084c34b6681b178016be5,0,IS1,2.240368631,10227.2
4-2-168_jpg.rf.b3fd15d9c14084c34b6681b178016be5,0,BL1,6.218102267,10227.2
4-2-168_jpg.rf.b3fd15d9c14084c34b6681b178016be5,1,AOI,0.6598692311,11293.1
4-2-168_jpg.rf.b3fd15d9c14084c34b6681b178016be5,1,BL2,7.906615297,11293.1
4-2-168_jpg.rf.b3fd15d9c14084c34b6681b178016be5,1,IS2,6.366055122,11293.1
4-2-168_jpg.rf.b3fd15d9c14084c34b6681b178016be5,1,IAC,4.669751064,11293.1
4-2-168_jpg.rf.b3fd15d9c14084c34b6681b178016be5,1,IS1,0.6078243001,11293.1
4-2-168_jpg.rf.b3fd15d9c14084c34b6681b178016be5,1,BL1,13.15035729,11293.1
4-2-245_jpg.rf.85dbcd832129b6e2213c403959436f60,0,AOI,9.035037668,32334
4-2-245_jpg.rf.85dbcd832129b6e2213c403959436f60,0,BL2,9.967330772,32334
4-2-245_jpg.rf.85dbcd832129b6e2213c403959436f60,0,IS2,11.73264502,32334
4-2-245_jpg.rf.85dbcd832129b6e2213c403959436f60,0,IAC,14.96294853,32334
4-2-245_jpg.rf.85dbcd832129b6e2213c403959436f60,0,IS1,11.65604332,32334
4-2-245_jpg.rf.85dbcd832129b6e2213c403959436f60,0,BL1,32.97829146,32334
4-2-258_jpg.rf.95cc895fdfcf9823576071e3b5f4da03,0,AOI,1.889281548,9792
4-2-258_jpg.rf.95cc895fdfcf9823576071e3b5f4da03,0,BL2,10.18689175,9792
4-2-258_jpg.rf.95cc895fdfcf9823576071e3b5f4da03,0,IS2,3.61319612,9792
4-2-258_jpg.rf.95cc895fdfcf9823576071e3b5f4da03,0,IAC,4.469807577,9792
4-2-258_jpg.rf.95cc895fdfcf9823576071e3b5f4da03,0,IS1,2.310986072,9792
4-2-258_jpg.rf.95cc895fdfcf9823576071e3b5f4da03,0,BL1,21.02922686,9792
4-2-258_jpg.rf.95cc895fdfcf9823576071e3b5f4da03,1,AOI,5.442770478,16218
4-2-258_jpg.rf.95cc895fdfcf9823576071e3b5f4da03,1,BL2,8.846977548,16218
4-2-258_jpg.rf.95cc895fdfcf9823576071e3b5f4da03,1,IS2,2.512134141,16218
4-2-258_jpg.rf.95cc895fdfcf9823576071e3b5f4da03,1,IAC,2.817088179,16218
4-2-258_jpg.rf.95cc895fdfcf9823576071e3b5f4da03,1,IS1,2.455882648,16218
4-2-258_jpg.rf.95cc895fdfcf9823576071e3b5f4da03,1,BL1,12.94809286,16218
4-2-334_jpg.rf.52a31b4371dffbdcb45d971adda932f1,0,AOI,5.723642195,15034.8
4-2-334_jpg.rf.52a31b4371dffbdcb45d971adda932f1,0,BL2,2.055802002,15034.8
4-2-334_jpg.rf.52a31b4371dffbdcb45d971adda932f1,0,IS2,3.064273536,15034.8
4-2-334_jpg.rf.52a31b4371dffbdcb45d971adda932f1,0,IAC,2.988592085,15034.8
4-2-334_jpg.rf.52a31b4371dffbdcb45d971adda932f1,0,IS1,2.241494265,15034.8
4-2-334_jpg.rf.52a31b4371dffbdcb45d971adda932f1,0,BL1,22.13785134,15034.8
4-2-353_jpg.rf.d67ece2d335275064193c12df9cf1b17,0,AOI,1.212889364,13611.9
4-2-353_jpg.rf.d67ece2d335275064193c12df9cf1b17,0,BL2,11.55096347,13611.9
4-2-353_jpg.rf.d67ece2d335275064193c12df9cf1b17,0,IS2,5.426877199,13611.9
4-2-353_jpg.rf.d67ece2d335275064193c12df9cf1b17,0,IAC,2.847380505,13611.9
4-2-353_jpg.rf.d67ece2d335275064193c12df9cf1b17,0,IS1,1.32172761,13611.9
4-2-353_jpg.rf.d67ece2d335275064193c12df9cf1b17,0,BL1,3.960861364,13611.9
4-2-420_jpg.rf.9b4675d47069a2854d55865bc2e671f6,0,AOI,3.188708501,26477.5
4-2-420_jpg.rf.9b4675d47069a2854d55865bc2e671f6,0,BL2,15.13686291,26477.5
4-2-420_jpg.rf.9b4675d47069a2854d55865bc2e671f6,0,IS2,3.185722583,26477.5
4-2-420_jpg.rf.9b4675d47069a2854d55865bc2e671f6,0,IAC,1.787738747,26477.5
4-2-420_jpg.rf.9b4675d47069a2854d55865bc2e671f6,0,IS1,4.859647455,26477.5
4-2-420_jpg.rf.9b4675d47069a2854d55865bc2e671f6,0,BL1,2.954958902,26477.5
4-2-484_jpg.rf.ad066f93f9419de22020841ece2e60a9,0,AOI,2.838530837,20718.75
4-2-484_jpg.rf.ad066f93f9419de22020841ece2e60a9,0,BL2,6.516014494,20718.75
4-2-484_jpg.rf.ad066f93f9419de22020841ece2e60a9,0,IS2,2.435867384,20718.75
4-2-484_jpg.rf.ad066f93f9419de22020841ece2e60a9,0,IAC,0.7218535375,20718.75
4-2-484_jpg.rf.ad066f93f9419de22020841ece2e60a9,0,IS1,5.128914751,20718.75
4-2-484_jpg.rf.ad066f93f9419de22020841ece2e60a9,0,BL1,3.365877018,20718.75
4-2-503_jpg.rf.ebcaf8de8258b444d3d9e5d7b357c203,0,AOI,1.953904745,30416.4
4-2-503_jpg.rf.ebcaf8de8258b444d3d9e5d7b357c203,0,BL2,10.6557163,30416.4
4-2-503_jpg.rf.ebcaf8de8258b444d3d9e5d7b357c203,0,IS2,34.23813547,30416.4
4-2-503_jpg.rf.ebcaf8de8258b444d3d9e5d7b357c203,0,IAC,41.38211956,30416.4
4-2-503_jpg.rf.ebcaf8de8258b444d3d9e5d7b357c203,0,IS1,40.26320979,30416.4
4-2-503_jpg.rf.ebcaf8de8258b444d3d9e5d7b357c203,0,BL1,15.9382208,30416.4
4-2-503_jpg.rf.ebcaf8de8258b444d3d9e5d7b357c203,1,AOI,586.8057672,35481.55
4-2-503_jpg.rf.ebcaf8de8258b444d3d9e5d7b357c203,1,BL2,5.367975179,35481.55
4-2-503_jpg.rf.ebcaf8de8258b444d3d9e5d7b357c203,1,IS2,8.56562735,35481.55
4-2-503_jpg.rf.ebcaf8de8258b444d3d9e5d7b357c203,1,IAC,3.960534722,35481.55
4-2-503_jpg.rf.ebcaf8de8258b444d3d9e5d7b357c203,1,IS1,15.44324166,35481.55
4-2-503_jpg.rf.ebcaf8de8258b444d3d9e5d7b357c203,1,BL1,35.5848821,35481.55
4-2-512_jpg.rf.34464444a0f2f524e221424a144fcc57,0,AOI,5.000186809,15164
4-2-512_jpg.rf.34464444a0f2f524e221424a144fcc57,0,BL2,6.546571977,15164
4-2-512_jpg.rf.34464444a0f2f524e221424a144fcc57,0,IS2,3.68307164,15164
4-2-512_jpg.rf.34464444a0f2f524e221424a144fcc57,0,IAC,4.310190382,15164
4-2-512_jpg.rf.34464444a0f2f524e221424a144fcc57,0,IS1,3.565486464,15164
4-2-512_jpg.rf.34464444a0f2f524e221424a144fcc57,0,BL1,1.22034286,15164
4-2-52_jpg.rf.0595dc6a73e75e06119ecda100809979,0,AOI,4.34062327,18084.6
4-2-52_jpg.rf.0595dc6a73e75e06119ecda100809979,0,BL2,16.34199473,18084.6
4-2-52_jpg.rf.0595dc6a73e75e06119ecda100809979,0,IS2,8.454757427,18084.6
4-2-52_jpg.rf.0595dc6a73e75e06119ecda100809979,0,IAC,0.9303154754,18084.6
4-2-52_jpg.rf.0595dc6a73e75e06119ecda100809979,0,IS1,4.364768889,18084.6
4-2-52_jpg.rf.0595dc6a73e75e06119ecda100809979,0,BL1,1.797902786,18084.6
4-2-621_jpg.rf.6bcfc3d87d2969efe9602fa6fb2585b9,0,AOI,4.319357385,22169.7
4-2-621_jpg.rf.6bcfc3d87d2969efe9602fa6fb2585b9,0,BL2,2.371126389,22169.7
4-2-621_jpg.rf.6bcfc3d87d2969efe9602fa6fb2585b9,0,IS2,7.819283017,22169.7
4-2-621_jpg.rf.6bcfc3d87d2969efe9602fa6fb2585b9,0,IAC,14.84267948,22169.7
4-2-621_jpg.rf.6bcfc3d87d2969efe9602fa6fb2585b9,0,IS1,17.71221594,22169.7
4-2-621_jpg.rf.6bcfc3d87d2969efe9602fa6fb2585b9,0,BL1,13.83643115,22169.7
4-2-680_jpg.rf.82d48eb1b69cfbe8943c261c565856ed,0,AOI,4.331744926,12154.15
4-2-680_jpg.rf.82d48eb1b69cfbe8943c261c565856ed,0,BL2,5.998153221,12154.15
4-2-680_jpg.rf.82d48eb1b69cfbe8943c261c565856ed,0,IS2,4.057353502,12154.15
4-2-680_jpg.rf.82d48eb1b69cfbe8943c261c565856ed,0,IAC,2.830014533,12154.15
4-2-680_jpg.rf.82d48eb1b69cfbe8943c261c565856ed,0,IS1,0.507275481,12154.15
4-2-680_jpg.rf.82d48eb1b69cfbe8943c261c565856ed,0,BL1,1.065167827,12154.15
4-2-680_jpg.rf.82d48eb1b69cfbe8943c261c565856ed,1,AOI,0.9625406996,29169.45
4-2-680_jpg.rf.82d48eb1b69cfbe8943c261c565856ed,1,BL2,15.85076717,29169.45
4-2-680_jpg.rf.82d48eb1b69cfbe8943c261c565856ed,1,IS2,3.559779201,29169.45
4-2-680_jpg.rf.82d48eb1b69cfbe8943c261c565856ed,1,IAC,4.899951893,29169.45
4-2-680_jpg.rf.82d48eb1b69cfbe8943c261c565856ed,1,IS1,9.955316481,29169.45
4-2-680_jpg.rf.82d48eb1b69cfbe8943c261c565856ed,1,BL1,23.04428576,29169.45
4-2-697_jpg.rf.e1209189c673ee2828545d9c81845e8d,0,AOI,3.848589147,17255
4-2-697_jpg.rf.e1209189c673ee2828545d9c81845e8d,0,BL2,18.17116236,17255
4-2-697_jpg.rf.e1209189c673ee2828545d9c81845e8d,0,IS2,7.180931066,17255
4-2-697_jpg.rf.e1209189c673ee2828545d9c81845e8d,0,IAC,4.400148372,17255
4-2-697_jpg.rf.e1209189c673ee2828545d9c81845e8d,0,IS1,1.598887236,17255
4-2-697_jpg.rf.e1209189c673ee2828545d9c81845e8d,0,BL1,7.111829622,17255
5-1-23_jpg.rf.87cde10fd60fd3020e0b832d00fd5f77,0,AOI,5.323324846,26309.2
5-1-23_jpg.rf.87cde10fd60fd3020e0b832d00fd5f77,0,BL2,15.08615145,26309.2
5-1-23_jpg.rf.87cde10fd60fd3020e0b832d00fd5f77,0,IS2,4.858968048,26309.2
5-1-23_jpg.rf.87cde10fd60fd3020e0b832d00fd5f77,0,IAC,3.693399783,26309.2
5-1-23_jpg.rf.87cde10fd60fd3020e0b832d00fd5f77,0,IS1,5.670167758,26309.2
5-1-23_jpg.rf.87cde10fd60fd3020e0b832d00fd5f77,0,BL1,7.94131626,26309.2
5-1-23_jpg.rf.87cde10fd60fd3020e0b832d00fd5f77,1,AOI,1.460960542,37791
5-1-23_jpg.rf.87cde10fd60fd3020e0b832d00fd5f77,1,BL2,14.79185379,37791
5-1-23_jpg.rf.87cde10fd60fd3020e0b832d00fd5f77,1,IS2,26.15360293,37791
5-1-23_jpg.rf.87cde10fd60fd3020e0b832d00fd5f77,1,IAC,33.08102389,37791
5-1-23_jpg.rf.87cde10fd60fd3020e0b832d00fd5f77,1,IS1,24.06121881,37791
5-1-23_jpg.rf.87cde10fd60fd3020e0b832d00fd5f77,1,BL1,23.52774497,37791
5-1-34_jpg.rf.3b115b89f50eec6e691dda60b9444897,0,AOI,3.07125091,21488
5-1-34_jpg.rf.3b115b89f50eec6e691dda60b9444897,0,BL2,4.85529701,21488
5-1-34_jpg.rf.3b115b89f50eec6e691dda60b9444897,0,IS2,6.066499766,21488
5-1-34_jpg.rf.3b115b89f50eec6e691dda60b9444897,0,IAC,2.268058201,21488
5-1-34_jpg.rf.3b115b89f50eec6e691dda60b9444897,0,IS1,6.014672517,21488
5-1-34_jpg.rf.3b115b89f50eec6e691dda60b9444897,0,BL1,5.742536507,21488
5-1-34_jpg.rf.3b115b89f50eec6e691dda60b9444897,1,AOI,5.975888715,20517.3
5-1-34_jpg.rf.3b115b89f50eec6e691dda60b9444897,1,BL2,5.222258939,20517.3
5-1-34_jpg.rf.3b115b89f50eec6e691dda60b9444897,1,IS2,3.279689225,20517.3
5-1-34_jpg.rf.3b115b89f50eec6e691dda60b9444897,1,IAC,1.599126401,20517.3
5-1-34_jpg.rf.3b115b89f50eec6e691dda60b9444897,1,IS1,3.94925698,20517.3
5-1-34_jpg.rf.3b115b89f50eec6e691dda60b9444897,1,BL1,13.0482601,20517.3
5-1-48_jpg.rf.da026fbd3e08f9aacf31ba4c14d960bc,0,AOI,6.870272914,38454
5-1-48_jpg.rf.da026fbd3e08f9aacf31ba4c14d960bc,0,BL2,39.13302697,38454
5-1-48_jpg.rf.da026fbd3e08f9aacf31ba4c14d960bc,0,IS2,10.35053733,38454
5-1-48_jpg.rf.da026fbd3e08f9aacf31ba4c14d960bc,0,IAC,9.704203464,38454
5-1-48_jpg.rf.da026fbd3e08f9aacf31ba4c14d960bc,0,IS1,14.05479477,38454
5-1-48_jpg.rf.da026fbd3e08f9aacf31ba4c14d960bc,0,BL1,29.54776175,38454
5-1-56_jpg.rf.98effce82f19f8ec4add4ffd017bd566,0,AOI,3.433837072,16116
5-1-56_jpg.rf.98effce82f19f8ec4add4ffd017bd566,0,BL2,6.480124614,16116
5-1-56_jpg.rf.98effce82f19f8ec4add4ffd017bd566,0,IS2,3.383493541,16116
5-1-56_jpg.rf.98effce82f19f8ec4add4ffd017bd566,0,IAC,0.8880138014,16116
5-1-56_jpg.rf.98effce82f19f8ec4add4ffd017bd566,0,IS1,8.027658312,16116
5-1-56_jpg.rf.98effce82f19f8ec4add4ffd017bd566,0,BL1,18.0530848,16116
5-1-66_jpg.rf.066bceb356d31dae9f89ceb02cd642cb,0,AOI,3.088896608,24359.3
5-1-66_jpg.rf.066bceb356d31dae9f89ceb02cd642cb,0,BL2,13.7937851,24359.3
5-1-66_jpg.rf.066bceb356d31dae9f89ceb02cd642cb,0,IS2,4.504272364,24359.3
5-1-66_jpg.rf.066bceb356d31dae9f89ceb02cd642cb,0,IAC,7.151416266,24359.3
5-1-66_jpg.rf.066bceb356d31dae9f89ceb02cd642cb,0,IS1,5.458144792,24359.3
5-1-66_jpg.rf.066bceb356d31dae9f89ceb02cd642cb,0,BL1,6.768037152,24359.3
5-2-106_jpg.rf.7520316c3da889765c091ec48962ce30,0,AOI,1.568232667,14361.6
5-2-106_jpg.rf.7520316c3da889765c091ec48962ce30,0,BL2,15.38885185,14361.6
5-2-106_jpg.rf.7520316c3da889765c091ec48962ce30,0,IS2,0.7187439838,14361.6
5-2-106_jpg.rf.7520316c3da889765c091ec48962ce30,0,IAC,2.756770208,14361.6
5-2-106_jpg.rf.7520316c3da889765c091ec48962ce30,0,IS1,2.061711032,14361.6
5-2-106_jpg.rf.7520316c3da889765c091ec48962ce30,0,BL1,1.918513634,14361.6
5-2-120_jpg.rf.d06365fdf3c9f3c14026545f0b14bd5d,0,AOI,1.225605868,16473
5-2-120_jpg.rf.d06365fdf3c9f3c14026545f0b14bd5d,0,BL2,19.18766401,16473
5-2-120_jpg.rf.d06365fdf3c9f3c14026545f0b14bd5d,0,IS2,5.336422726,16473
5-2-120_jpg.rf.d06365fdf3c9f3c14026545f0b14bd5d,0,IAC,2.705334725,16473
5-2-120_jpg.rf.d06365fdf3c9f3c14026545f0b14bd5d,0,IS1,3.489567382,16473
5-2-120_jpg.rf.d06365fdf3c9f3c14026545f0b14bd5d,0,BL1,7.574786874,16473
5-2-230_jpg.rf.8c8ebff0e0473e1e78995610bf3d0b0d,0,AOI,2.007850721,598.4
5-2-230_jpg.rf.8c8ebff0e0473e1e78995610bf3d0b0d,0,BL2,5.37769187,598.4
5-2-230_jpg.rf.8c8ebff0e0473e1e78995610bf3d0b0d,0,IS2,2.603271515,598.4
5-2-230_jpg.rf.8c8ebff0e0473e1e78995610bf3d0b0d,0,IAC,2.300911817,598.4
5-2-230_jpg.rf.8c8ebff0e0473e1e78995610bf3d0b0d,0,IS1,0.134377075,598.4
5-2-230_jpg.rf.8c8ebff0e0473e1e78995610bf3d0b0d,0,BL1,12.07611189,598.4
5-2-289_jpg.rf.bf8376968169f88acb10523114fc05c4,0,AOI,4.03331685,15665.5
5-2-289_jpg.rf.bf8376968169f88acb10523114fc05c4,0,BL2,28.36188476,15665.5
5-2-289_jpg.rf.bf8376968169f88acb10523114fc05c4,0,IS2,1.836408146,15665.5
5-2-289_jpg.rf.bf8376968169f88acb10523114fc05c4,0,IAC,6.63393425,15665.5
5-2-289_jpg.rf.bf8376968169f88acb10523114fc05c4,0,IS1,6.216641097,15665.5
5-2-289_jpg.rf.bf8376968169f88acb10523114fc05c4,0,BL1,3.504203946,15665.5
5-2-289_jpg.rf.bf8376968169f88acb10523114fc05c4,1,AOI,2.220192327,23460
5-2-289_jpg.rf.bf8376968169f88acb10523114fc05c4,1,BL2,0.7192524922,23460
5-2-289_jpg.rf.bf8376968169f88acb10523114fc05c4,1,IS2,4.620516697,23460
5-2-289_jpg.rf.bf8376968169f88acb10523114fc05c4,1,IAC,7.622551355,23460
5-2-289_jpg.rf.bf8376968169f88acb10523114fc05c4,1,IS1,6.168755449,23460
5-2-289_jpg.rf.bf8376968169f88acb10523114fc05c4,1,BL1,13.06834062,23460
5-2-341_jpg.rf.4594c906a1acec3c27cf0614280e121b,0,AOI,2.382351293,30899.2
5-2-341_jpg.rf.4594c906a1acec3c27cf0614280e121b,0,BL2,4.084043919,30899.2
5-2-341_jpg.rf.4594c906a1acec3c27cf0614280e121b,0,IS2,1.120032841,30899.2
5-2-341_jpg.rf.4594c906a1acec3c27cf0614280e121b,0,IAC,7.280480666,30899.2
5-2-341_jpg.rf.4594c906a1acec3c27cf0614280e121b,0,IS1,5.795211976,30899.2
5-2-341_jpg.rf.4594c906a1acec3c27cf0614280e121b,0,BL1,14.83178088,30899.2
5-2-345_jpg.rf.88fa7fea1037295a257ce12900637d76,0,AOI,1.636881906,15779.4
5-2-345_jpg.rf.88fa7fea1037295a257ce12900637d76,0,BL2,8.830778389,15779.4
5-2-345_jpg.rf.88fa7fea1037295a257ce12900637d76,0,IS2,2.004444483,15779.4
5-2-345_jpg.rf.88fa7fea1037295a257ce12900637d76,0,IAC,3.188962026,15779.4
5-2-345_jpg.rf.88fa7fea1037295a257ce12900637d76,0,IS1,2.950161227,15779.4
5-2-345_jpg.rf.88fa7fea1037295a257ce12900637d76,0,BL1,12.60002225,15779.4
5-2-363_jpg.rf.03ae826aa53fa8c2fd1c20278e8be47d,0,AOI,9.001525506,32346.75
5-2-363_jpg.rf.03ae826aa53fa8c2fd1c20278e8be47d,0,BL2,17.9679926,32346.75
5-2-363_jpg.rf.03ae826aa53fa8c2fd1c20278e8be47d,0,IS2,26.68728499,32346.75
5-2-363_jpg.rf.03ae826aa53fa8c2fd1c20278e8be47d,0,IAC,22.96256072,32346.75
5-2-363_jpg.rf.03ae826aa53fa8c2fd1c20278e8be47d,0,IS1,25.47621758,32346.75
5-2-363_jpg.rf.03ae826aa53fa8c2fd1c20278e8be47d,0,BL1,34.03460117,32346.75
5-2-369_jpg.rf.b151e27950a3c3b71cb0485f5575ed38,0,AOI,3.785444384,19117.35
5-2-369_jpg.rf.b151e27950a3c3b71cb0485f5575ed38,0,BL2,9.525752346,19117.35
5-2-369_jpg.rf.b151e27950a3c3b71cb0485f5575ed38,0,IS2,9.694711155,19117.35
5-2-369_jpg.rf.b151e27950a3c3b71cb0485f5575ed38,0,IAC,6.342570303,19117.35
5-2-369_jpg.rf.b151e27950a3c3b71cb0485f5575ed38,0,IS1,6.615967032,19117.35
5-2-369_jpg.rf.b151e27950a3c3b71cb0485f5575ed38,0,BL1,2.825751967,19117.35
5-2-439_jpg.rf.79429c13ea0a88c32686a94b9b53124e,0,AOI,1.198688218,10935.25
5-2-439_jpg.rf.79429c13ea0a88c32686a94b9b53124e,0,BL2,2.336966463,10935.25
5-2-439_jpg.rf.79429c13ea0a88c32686a94b9b53124e,0,IS2,4.677058285,10935.25
5-2-439_jpg.rf.79429c13ea0a88c32686a94b9b53124e,0,IAC,3.008568327,10935.25
5-2-439_jpg.rf.79429c13ea0a88c32686a94b9b53124e,0,IS1,4.502933947,10935.25
5-2-439_jpg.rf.79429c13ea0a88c32686a94b9b53124e,0,BL1,3.866538959,10935.25
5-2-439_jpg.rf.79429c13ea0a88c32686a94b9b53124e,1,AOI,2.964485457,18345.55
5-2-439_jpg.rf.79429c13ea0a88c32686a94b9b53124e,1,BL2,34.80305686,18345.55
5-2-439_jpg.rf.79429c13ea0a88c32686a94b9b53124e,1,IS2,11.15278364,18345.55
5-2-439_jpg.rf.79429c13ea0a88c32686a94b9b53124e,1,IAC,11.892647,18345.55
5-2-439_jpg.rf.79429c13ea0a88c32686a94b9b53124e,1,IS1,5.85107744,18345.55
5-2-439_jpg.rf.79429c13ea0a88c32686a94b9b53124e,1,BL1,25.79190818,18345.55
5-2-439_jpg.rf.79429c13ea0a88c32686a94b9b53124e,2,AOI,1.886814804,17643.45
5-2-439_jpg.rf.79429c13ea0a88c32686a94b9b53124e,2,BL2,12.48044494,17643.45
5-2-439_jpg.rf.79429c13ea0a88c32686a94b9b53124e,2,IS2,5.583502753,17643.45
5-2-439_jpg.rf.79429c13ea0a88c32686a94b9b53124e,2,IAC,2.432099067,17643.45
5-2-439_jpg.rf.79429c13ea0a88c32686a94b9b53124e,2,IS1,3.205066067,17643.45
5-2-439_jpg.rf.79429c13ea0a88c32686a94b9b53124e,2,BL1,38.03082851,17643.45
5-2-447_jpg.rf.486c99765ac39c3552182837a705d7e6,0,AOI,4.212551445,23539.9
5-2-447_jpg.rf.486c99765ac39c3552182837a705d7e6,0,BL2,6.310601806,23539.9
5-2-447_jpg.rf.486c99765ac39c3552182837a705d7e6,0,IS2,11.46125612,23539.9
5-2-447_jpg.rf.486c99765ac39c3552182837a705d7e6,0,IAC,0.5687083454,23539.9
5-2-447_jpg.rf.486c99765ac39c3552182837a705d7e6,0,IS1,2.281540251,23539.9
5-2-447_jpg.rf.486c99765ac39c3552182837a705d7e6,0,BL1,17.36510852,23539.9
5-2-474_jpg.rf.c7f9bb991aa7e51ade0cdfdc9217b8c2,0,AOI,1.552250339,12066.6
5-2-474_jpg.rf.c7f9bb991aa7e51ade0cdfdc9217b8c2,0,BL2,13.48854696,12066.6
5-2-474_jpg.rf.c7f9bb991aa7e51ade0cdfdc9217b8c2,0,IS2,8.089617286,12066.6
5-2-474_jpg.rf.c7f9bb991aa7e51ade0cdfdc9217b8c2,0,IAC,6.317831464,12066.6
5-2-474_jpg.rf.c7f9bb991aa7e51ade0cdfdc9217b8c2,0,IS1,1.884620954,12066.6
5-2-474_jpg.rf.c7f9bb991aa7e51ade0cdfdc9217b8c2,0,BL1,8.683243781,12066.6
5-2-576_jpg.rf.fdfb8269fbf704472524b871f3477ea6,0,AOI,3.497363308,12624.2
5-2-576_jpg.rf.fdfb8269fbf704472524b871f3477ea6,0,BL2,4.783157503,12624.2
5-2-576_jpg.rf.fdfb8269fbf704472524b871f3477ea6,0,IS2,5.794991704,12624.2
5-2-576_jpg.rf.fdfb8269fbf704472524b871f3477ea6,0,IAC,4.453255462,12624.2
5-2-576_jpg.rf.fdfb8269fbf704472524b871f3477ea6,0,IS1,3.738850301,12624.2
5-2-576_jpg.rf.fdfb8269fbf704472524b871f3477ea6,0,BL1,3.117984196,12624.2
5-2-58_jpg.rf.3aa07c9579d52f2f0d09f444aa70afaf,0,AOI,2.459136327,28220.85
5-2-58_jpg.rf.3aa07c9579d52f2f0d09f444aa70afaf,0,BL2,24.86217223,28220.85
5-2-58_jpg.rf.3aa07c9579d52f2f0d09f444aa70afaf,0,IS2,19.10153562,28220.85
5-2-58_jpg.rf.3aa07c9579d52f2f0d09f444aa70afaf,0,IAC,13.50962621,28220.85
5-2-58_jpg.rf.3aa07c9579d52f2f0d09f444aa70afaf,0,IS1,22.15596599,28220.85
5-2-58_jpg.rf.3aa07c9579d52f2f0d09f444aa70afaf,0,BL1,17.56049994,28220.85
5-2-614_jpg.rf.0d3cf4513c2e9b16533e68a787864499,0,AOI,1.216683545,18441.6
5-2-614_jpg.rf.0d3cf4513c2e9b16533e68a787864499,0,BL2,3.985566058,18441.6
5-2-614_jpg.rf.0d3cf4513c2e9b16533e68a787864499,0,IS2,2.814517282,18441.6
5-2-614_jpg.rf.0d3cf4513c2e9b16533e68a787864499,0,IAC,9.256092189,18441.6
5-2-614_jpg.rf.0d3cf4513c2e9b16533e68a787864499,0,IS1,5.189592928,18441.6
5-2-614_jpg.rf.0d3cf4513c2e9b16533e68a787864499,0,BL1,15.80514891,18441.6
5-2-625_jpg.rf.d0f96720d33a3507a9f8df66282344f4,0,AOI,2.721091536,16077.75
5-2-625_jpg.rf.d0f96720d33a3507a9f8df66282344f4,0,BL2,3.081540783,16077.75
5-2-625_jpg.rf.d0f96720d33a3507a9f8df66282344f4,0,IS2,1.193707724,16077.75
5-2-625_jpg.rf.d0f96720d33a3507a9f8df66282344f4,0,IAC,4.544068483,16077.75
5-2-625_jpg.rf.d0f96720d33a3507a9f8df66282344f4,0,IS1,2.767784431,16077.75
5-2-625_jpg.rf.d0f96720d33a3507a9f8df66282344f4,0,BL1,5.818318891,16077.75
5-2-661_jpg.rf.33f54d37fcc5edaa4ff42cac27c1a01f,0,AOI,4.716351233,14923.45
5-2-661_jpg.rf.33f54d37fcc5edaa4ff42cac27c1a01f,0,BL2,9.518306971,14923.45
5-2-661_jpg.rf.33f54d37fcc5edaa4ff42cac27c1a01f,0,IS2,2.402960807,14923.45
5-2-661_jpg.rf.33f54d37fcc5edaa4ff42cac27c1a01f,0,IAC,4.419516409,14923.45
5-2-661_jpg.rf.33f54d37fcc5edaa4ff42cac27c1a01f,0,IS1,1.300466995,14923.45
5-2-661_jpg.rf.33f54d37fcc5edaa4ff42cac27c1a01f,0,BL1,8.557423183,14923.45
5-2-73_jpg.rf.f9161069960917cc056b974d59ee6775,0,AOI,3.128949323,24830.2
5-2-73_jpg.rf.f9161069960917cc056b974d59ee6775,0,BL2,5.748927574,24830.2
5-2-73_jpg.rf.f9161069960917cc056b974d59ee6775,0,IS2,7.410870538,24830.2
5-2-73_jpg.rf.f9161069960917cc056b974d59ee6775,0,IAC,16.18176482,24830.2
5-2-73_jpg.rf.f9161069960917cc056b974d59ee6775,0,IS1,8.043297085,24830.2
5-2-73_jpg.rf.f9161069960917cc056b974d59ee6775,0,BL1,5.257563898,24830.2
5-2-751_jpg.rf.f8d66c23aa53658034a0d26dc56c1f7f,0,AOI,1.05848842,23011.2
5-2-751_jpg.rf.f8d66c23aa53658034a0d26dc56c1f7f,0,BL2,1.355348549,23011.2
5-2-751_jpg.rf.f8d66c23aa53658034a0d26dc56c1f7f,0,IS2,3.66385994,23011.2
5-2-751_jpg.rf.f8d66c23aa53658034a0d26dc56c1f7f,0,IAC,6.305179708,23011.2
5-2-751_jpg.rf.f8d66c23aa53658034a0d26dc56c1f7f,0,IS1,0.8207590939,23011.2
5-2-751_jpg.rf.f8d66c23aa53658034a0d26dc56c1f7f,0,BL1,10.18657807,23011.2
6-1-16_jpg.rf.0cbdd4c22aca84b470b9a53a643a4fe9,0,AOI,1.74715338,20553
6-1-16_jpg.rf.0cbdd4c22aca84b470b9a53a643a4fe9,0,BL2,22.92845835,20553
6-1-16_jpg.rf.0cbdd4c22aca84b470b9a53a643a4fe9,0,IS2,1.898341458,20553
6-1-16_jpg.rf.0cbdd4c22aca84b470b9a53a643a4fe9,0,IAC,0.895384548,20553
6-1-16_jpg.rf.0cbdd4c22aca84b470b9a53a643a4fe9,0,IS1,4.774903824,20553
6-1-16_jpg.rf.0cbdd4c22aca84b470b9a53a643a4fe9,0,BL1,11.70545085,20553
6-1-19_jpg.rf.8dce43d0e3666c17d84a472635aae02e,0,AOI,12.97429335,12580
6-1-19_jpg.rf.8dce43d0e3666c17d84a472635aae02e,0,BL2,35.60087185,12580
6-1-19_jpg.rf.8dce43d0e3666c17d84a472635aae02e,0,IS2,38.57089502,12580
6-1-19_jpg.rf.8dce43d0e3666c17d84a472635aae02e,0,IAC,2.420532269,12580
6-1-19_jpg.rf.8dce43d0e3666c17d84a472635aae02e,0,IS1,42.07491083,12580
6-1-19_jpg.rf.8dce43d0e3666c17d84a472635aae02e,0,BL1,42.83895481,12580
6-1-19_jpg.rf.8dce43d0e3666c17d84a472635aae02e,1,AOI,9.038034742,11628
6-1-19_jpg.rf.8dce43d0e3666c17d84a472635aae02e,1,BL2,27.66271898,11628
6-1-19_jpg.rf.8dce43d0e3666c17d84a472635aae02e,1,IS2,33.89699153,11628
6-1-19_jpg.rf.8dce43d0e3666c17d84a472635aae02e,1,IAC,0.4929215127,11628
6-1-19_jpg.rf.8dce43d0e3666c17d84a472635aae02e,1,IS1,29.9783801,11628
6-1-19_jpg.rf.8dce43d0e3666c17d84a472635aae02e,1,BL1,33.33388442,11628
6-1-21_jpg.rf.bb90b3857e7061fd7ea710ef5fb6a4c8,0,AOI,1.201018091,16718.65
6-1-21_jpg.rf.bb90b3857e7061fd7ea710ef5fb6a4c8,0,BL2,14.40869422,16718.65
6-1-21_jpg.rf.bb90b3857e7061fd7ea710ef5fb6a4c8,0,IS2,1.082152178,16718.65
6-1-21_jpg.rf.bb90b3857e7061fd7ea710ef5fb6a4c8,0,IAC,2.608121875,16718.65
6-1-21_jpg.rf.bb90b3857e7061fd7ea710ef5fb6a4c8,0,IS1,2.587271913,16718.65
6-1-21_jpg.rf.bb90b3857e7061fd7ea710ef5fb6a4c8,0,BL1,2.156447988,16718.65
6-2-124_jpg.rf.a2b0760deeda2986a0e1749ca308376d,0,AOI,2.757869392,16212.9
6-2-124_jpg.rf.a2b0760deeda2986a0e1749ca308376d,0,BL2,31.07683713,16212.9
6-2-124_jpg.rf.a2b0760deeda2986a0e1749ca308376d,0,IS2,11.62792037,16212.9
6-2-124_jpg.rf.a2b0760deeda2986a0e1749ca308376d,0,IAC,6.570506947,16212.9
6-2-124_jpg.rf.a2b0760deeda2986a0e1749ca308376d,0,IS1,3.592247625,16212.9
6-2-124_jpg.rf.a2b0760deeda2986a0e1749ca308376d,0,BL1,15.7678926,16212.9
6-2-131_jpg.rf.261a1a4473bbe8883d657ba0fd6ca47c,0,AOI,4.445970398,21896
6-2-131_jpg.rf.261a1a4473bbe8883d657ba0fd6ca47c,0,BL2,7.50328821,21896
6-2-131_jpg.rf.261a1a4473bbe8883d657ba0fd6ca47c,0,IS2,5.867760356,21896
6-2-131_jpg.rf.261a1a4473bbe8883d657ba0fd6ca47c,0,IAC,2.383538298,21896
6-2-131_jpg.rf.261a1a4473bbe8883d657ba0fd6ca47c,0,IS1,2.721847841,21896
6-2-131_jpg.rf.261a1a4473bbe8883d657ba0fd6ca47c,0,BL1,3.601160798,21896
6-2-144_jpg.rf.58f03b2e3a1ae37ef1bb58def06f24db,0,AOI,0.5913314989,14790
6-2-144_jpg.rf.58f03b2e3a1ae37ef1bb58def06f24db,0,BL2,4.777702348,14790
6-2-144_jpg.rf.58f03b2e3a1ae37ef1bb58def06f24db,0,IS2,2.347393327,14790
6-2-144_jpg.rf.58f03b2e3a1ae37ef1bb58def06f24db,0,IAC,3.467282901,14790
6-2-144_jpg.rf.58f03b2e3a1ae37ef1bb58def06f24db,0,IS1,4.303945985,14790
6-2-144_jpg.rf.58f03b2e3a1ae37ef1bb58def06f24db,0,BL1,3.575903622,14790
6-2-144_jpg.rf.58f03b2e3a1ae37ef1bb58def06f24db,1,AOI,1.08208909,16745
6-2-144_jpg.rf.58f03b2e3a1ae37ef1bb58def06f24db,1,BL2,1.87562309,16745
6-2-144_jpg.rf.58f03b2e3a1ae37ef1bb58def06f24db,1,IS2,11.61178791,16745
6-2-144_jpg.rf.58f03b2e3a1ae37ef1bb58def06f24db,1,IAC,14.47567913,16745
6-2-144_jpg.rf.58f03b2e3a1ae37ef1bb58def06f24db,1,IS1,19.85590045,16745
6-2-144_jpg.rf.58f03b2e3a1ae37ef1bb58def06f24db,1,BL1,3.943493903,16745
6-2-144_jpg.rf.58f03b2e3a1ae37ef1bb58def06f24db,2,AOI,2.20744512,18159.4
6-2-144_jpg.rf.58f03b2e3a1ae37ef1bb58def06f24db,2,BL2,25.59514861,18159.4
6-2-144_jpg.rf.58f03b2e3a1ae37ef1bb58def06f24db,2,IS2,4.991546361,18159.4
6-2-144_jpg.rf.58f03b2e3a1ae37ef1bb58def06f24db,2,IAC,5.690625577,18159.4
6-2-144_jpg.rf.58f03b2e3a1ae37ef1bb58def06f24db,2,IS1,8.722546479,18159.4
6-2-144_jpg.rf.58f03b2e3a1ae37ef1bb58def06f24db,2,BL1,10.99758898,18159.4
6-2-157_jpg.rf.d0483a3749ae1b4e8e440d6704dd4697,0,AOI,2.849903753,20055.75
6-2-157_jpg.rf.d0483a3749ae1b4e8e440d6704dd4697,0,BL2,2.803896992,20055.75
6-2-157_jpg.rf.d0483a3749ae1b4e8e440d6704dd4697,0,IS2,5.020845761,20055.75
6-2-157_jpg.rf.d0483a3749ae1b4e8e440d6704dd4697,0,IAC,2.235713345,20055.75
6-2-157_jpg.rf.d0483a3749ae1b4e8e440d6704dd4697,0,IS1,3.065567551,20055.75
6-2-157_jpg.rf.d0483a3749ae1b4e8e440d6704dd4697,0,BL1,5.355584585,20055.75
6-2-168_jpg.rf.6b032dca82aab9d837b0971af905255e,0,AOI,4.348828736,15606
6-2-168_jpg.rf.6b032dca82aab9d837b0971af905255e,0,BL2,7.150790513,15606
6-2-168_jpg.rf.6b032dca82aab9d837b0971af905255e,0,IS2,3.011131392,15606
6-2-168_jpg.rf.6b032dca82aab9d837b0971af905255e,0,IAC,5.431081729,15606
6-2-168_jpg.rf.6b032dca82aab9d837b0971af905255e,0,IS1,10.79342459,15606
6-2-168_jpg.rf.6b032dca82aab9d837b0971af905255e,0,BL1,5.628641332,15606
6-2-168_jpg.rf.6b032dca82aab9d837b0971af905255e,1,AOI,2.082380582,16937.1
6-2-168_jpg.rf.6b032dca82aab9d837b0971af905255e,1,BL2,22.32368029,16937.1
6-2-168_jpg.rf.6b032dca82aab9d837b0971af905255e,1,IS2,4.605654048,16937.1
6-2-168_jpg.rf.6b032dca82aab9d837b0971af905255e,1,IAC,1.915187087,16937.1
6-2-168_jpg.rf.6b032dca82aab9d837b0971af905255e,1,IS1,2.871029961,16937.1
6-2-168_jpg.rf.6b032dca82aab9d837b0971af905255e,1,BL1,6.805174496,16937.1
6-2-215_jpg.rf.0eac67ac77bbb5c56137aaf26b2a93f7,0,AOI,3.822504993,17326.4
6-2-215_jpg.rf.0eac67ac77bbb5c56137aaf26b2a93f7,0,BL2,2.92842329,17326.4
6-2-215_jpg.rf.0eac67ac77bbb5c56137aaf26b2a93f7,0,IS2,5.511200583,17326.4
6-2-215_jpg.rf.0eac67ac77bbb5c56137aaf26b2a93f7,0,IAC,3.374216995,17326.4
6-2-215_jpg.rf.0eac67ac77bbb5c56137aaf26b2a93f7,0,IS1,6.174817936,17326.4
6-2-215_jpg.rf.0eac67ac77bbb5c56137aaf26b2a93f7,0,BL1,1.686653914,17326.4
6-2-256_jpg.rf.5d2e7163cda66b3fe488d730c01e1c9f,0,AOI,3.310171763,15558.4
6-2-256_jpg.rf.5d2e7163cda66b3fe488d730c01e1c9f,0,BL2,1.345653111,15558.4
6-2-256_jpg.rf.5d2e7163cda66b3fe488d730c01e1c9f,0,IS2,2.220529904,15558.4
6-2-256_jpg.rf.5d2e7163cda66b3fe488d730c01e1c9f,0,IAC,1.20798883,15558.4
6-2-256_jpg.rf.5d2e7163cda66b3fe488d730c01e1c9f,0,IS1,0.6909817345,15558.4
6-2-256_jpg.rf.5d2e7163cda66b3fe488d730c01e1c9f,0,BL1,3.047701065,15558.4
6-2-50_jpg.rf.c76fa5a83f793d90118007b46adfb625,0,AOI,2.225892206,14180.55
6-2-50_jpg.rf.c76fa5a83f793d90118007b46adfb625,0,BL2,8.40030088,14180.55
6-2-50_jpg.rf.c76fa5a83f793d90118007b46adfb625,0,IS2,2.446130938,14180.55
6-2-50_jpg.rf.c76fa5a83f793d90118007b46adfb625,0,IAC,1.654571824,14180.55
6-2-50_jpg.rf.c76fa5a83f793d90118007b46adfb625,0,IS1,4.415045896,14180.55
6-2-50_jpg.rf.c76fa5a83f793d90118007b46adfb625,0,BL1,14.87660707,14180.55
6-2-53_jpg.rf.e12c490fa20722b1d65c9a4750700b51,0,AOI,2.452100582,13591.5
6-2-53_jpg.rf.e12c490fa20722b1d65c9a4750700b51,0,BL2,23.12117905,13591.5
6-2-53_jpg.rf.e12c490fa20722b1d65c9a4750700b51,0,IS2,3.627413865,13591.5
6-2-53_jpg.rf.e12c490fa20722b1d65c9a4750700b51,0,IAC,7.347297974,13591.5
6-2-53_jpg.rf.e12c490fa20722b1d65c9a4750700b51,0,IS1,5.732365618,13591.5
6-2-53_jpg.rf.e12c490fa20722b1d65c9a4750700b51,0,BL1,3.042159766,13591.5
6-2-53_jpg.rf.e12c490fa20722b1d65c9a4750700b51,1,AOI,2.204426875,13525.2
6-2-53_jpg.rf.e12c490fa20722b1d65c9a4750700b51,1,BL2,10.84174218,13525.2
6-2-53_jpg.rf.e12c490fa20722b1d65c9a4750700b51,1,IS2,5.415469171,13525.2
6-2-53_jpg.rf.e12c490fa20722b1d65c9a4750700b51,1,IAC,5.846829412,13525.2
6-2-53_jpg.rf.e12c490fa20722b1d65c9a4750700b51,1,IS1,2.604926778,13525.2
6-2-53_jpg.rf.e12c490fa20722b1d65c9a4750700b51,1,BL1,13.93841748,13525.2
6-2-5_jpg.rf.7a6a5887783cfa57c0bc8988d9f7df0a,0,AOI,4.040977532,21705.6
6-2-5_jpg.rf.7a6a5887783cfa57c0bc8988d9f7df0a,0,BL2,17.38469049,21705.6
6-2-5_jpg.rf.7a6a5887783cfa57c0bc8988d9f7df0a,0,IS2,12.71860775,21705.6
6-2-5_jpg.rf.7a6a5887783cfa57c0bc8988d9f7df0a,0,IAC,5.164706573,21705.6
6-2-5_jpg.rf.7a6a5887783cfa57c0bc8988d9f7df0a,0,IS1,8.3463688,21705.6
6-2-5_jpg.rf.7a6a5887783cfa57c0bc8988d9f7df0a,0,BL1,14.83555454,21705.6
6-2-68_jpg.rf.baa66175a36494d24c16535ecf2e7103,0,AOI,1.82050782,14858
6-2-68_jpg.rf.baa66175a36494d24c16535ecf2e7103,0,BL2,14.51331604,14858
6-2-68_jpg.rf.baa66175a36494d24c16535ecf2e7103,0,IS2,0.621161057,14858
6-2-68_jpg.rf.baa66175a36494d24c16535ecf2e7103,0,IAC,5.23334524,14858
6-2-68_jpg.rf.baa66175a36494d24c16535ecf2e7103,0,IS1,3.224262241,14858
6-2-68_jpg.rf.baa66175a36494d24c16535ecf2e7103,0,BL1,19.03447142,14858
6-2-78_jpg.rf.77e6e7448613354a2f105cb051eb7fea,0,AOI,0.1803422941,11429.1
6-2-78_jpg.rf.77e6e7448613354a2f105cb051eb7fea,0,BL2,7.47750577,11429.1
6-2-78_jpg.rf.77e6e7448613354a2f105cb051eb7fea,0,IS2,4.789849814,11429.1
6-2-78_jpg.rf.77e6e7448613354a2f105cb051eb7fea,0,IAC,2.374691308,11429.1
6-2-78_jpg.rf.77e6e7448613354a2f105cb051eb7fea,0,IS1,3.561490615,11429.1
6-2-78_jpg.rf.77e6e7448613354a2f105cb051eb7fea,0,BL1,10.22628623,11429.1
6-2-80_jpg.rf.59400b615464026027aba2847f0ba89f,0,AOI,2.105259218,31654
6-2-80_jpg.rf.59400b615464026027aba2847f0ba89f,0,BL2,11.92954688,31654
6-2-80_jpg.rf.59400b615464026027aba2847f0ba89f,0,IS2,12.41546587,31654
6-2-80_jpg.rf.59400b615464026027aba2847f0ba89f,0,IAC,4.879491002,31654
6-2-80_jpg.rf.59400b615464026027aba2847f0ba89f,0,IS1,6.078709513,31654
6-2-80_jpg.rf.59400b615464026027aba2847f0ba89f,0,BL1,2.408676261,31654
6-2-81_jpg.rf.4be81bdca3f7c3239d100c6027b3c2a6,0,AOI,0.2790184094,12423.6
6-2-81_jpg.rf.4be81bdca3f7c3239d100c6027b3c2a6,0,BL2,22.29076674,12423.6
6-2-81_jpg.rf.4be81bdca3f7c3239d100c6027b3c2a6,0,IS2,1.511032671,12423.6
6-2-81_jpg.rf.4be81bdca3f7c3239d100c6027b3c2a6,0,IAC,2.147363843,12423.6
6-2-81_jpg.rf.4be81bdca3f7c3239d100c6027b3c2a6,0,IS1,2.455514278,12423.6
6-2-81_jpg.rf.4be81bdca3f7c3239d100c6027b3c2a6,0,BL1,37.91133987,12423.6
6-2-83_jpg.rf.0f5fd6a18a74cf78a634fd104ce7cf78,0,AOI,1.003854054,20945.7
6-2-83_jpg.rf.0f5fd6a18a74cf78a634fd104ce7cf78,0,BL2,2.363460876,20945.7
6-2-83_jpg.rf.0f5fd6a18a74cf78a634fd104ce7cf78,0,IS2,3.993858467,20945.7
6-2-83_jpg.rf.0f5fd6a18a74cf78a634fd104ce7cf78,0,IAC,3.913867017,20945.7
6-2-83_jpg.rf.0f5fd6a18a74cf78a634fd104ce7cf78,0,IS1,2.420235884,20945.7
6-2-83_jpg.rf.0f5fd6a18a74cf78a634fd104ce7cf78,0,BL1,2.204711399,20945.7
7-1-13_jpg.rf.52767ae3702b2a6214d68fe173d45249,0,AOI,2.958290654,27166
7-1-13_jpg.rf.52767ae3702b2a6214d68fe173d45249,0,BL2,14.25909337,27166
7-1-13_jpg.rf.52767ae3702b2a6214d68fe173d45249,0,IS2,4.447527584,27166
7-1-13_jpg.rf.52767ae3702b2a6214d68fe173d45249,0,IAC,3.113224846,27166
7-1-13_jpg.rf.52767ae3702b2a6214d68fe173d45249,0,IS1,3.367477906,27166
7-1-13_jpg.rf.52767ae3702b2a6214d68fe173d45249,0,BL1,8.182076915,27166
7-1-18_jpg.rf.c77f9dfe29125b3af4d5e422dc957149,0,AOI,7.737412694,18564
7-1-18_jpg.rf.c77f9dfe29125b3af4d5e422dc957149,0,BL2,12.18221094,18564
7-1-18_jpg.rf.c77f9dfe29125b3af4d5e422dc957149,0,IS2,1.862493737,18564
7-1-18_jpg.rf.c77f9dfe29125b3af4d5e422dc957149,0,IAC,5.181721239,18564
7-1-18_jpg.rf.c77f9dfe29125b3af4d5e422dc957149,0,IS1,3.556290816,18564
7-1-18_jpg.rf.c77f9dfe29125b3af4d5e422dc957149,0,BL1,1.112126688,18564
7-1-18_jpg.rf.c77f9dfe29125b3af4d5e422dc957149,1,AOI,2.10008055,13323.75
7-1-18_jpg.rf.c77f9dfe29125b3af4d5e422dc957149,1,BL2,3.036363581,13323.75
7-1-18_jpg.rf.c77f9dfe29125b3af4d5e422dc957149,1,IS2,2.214696374,13323.75
7-1-18_jpg.rf.c77f9dfe29125b3af4d5e422dc957149,1,IAC,11.61651868,13323.75
7-1-18_jpg.rf.c77f9dfe29125b3af4d5e422dc957149,1,IS1,7.57114254,13323.75
7-1-18_jpg.rf.c77f9dfe29125b3af4d5e422dc957149,1,BL1,4.979320788,13323.75
7-1-18_jpg.rf.c77f9dfe29125b3af4d5e422dc957149,2,AOI,1.459287735,19128.4
7-1-18_jpg.rf.c77f9dfe29125b3af4d5e422dc957149,2,BL2,11.23099377,19128.4
7-1-18_jpg.rf.c77f9dfe29125b3af4d5e422dc957149,2,IS2,10.0694029,19128.4
7-1-18_jpg.rf.c77f9dfe29125b3af4d5e422dc957149,2,IAC,10.20576291,19128.4
7-1-18_jpg.rf.c77f9dfe29125b3af4d5e422dc957149,2,IS1,6.855905246,19128.4
7-1-18_jpg.rf.c77f9dfe29125b3af4d5e422dc957149,2,BL1,20.94392814,19128.4
7-1-21_jpg.rf.1c94341e347a5619d6d533587214a38d,0,AOI,2.494985158,491.3
7-1-21_jpg.rf.1c94341e347a5619d6d533587214a38d,0,BL2,5.139738768,491.3
7-1-21_jpg.rf.1c94341e347a5619d6d533587214a38d,0,IS2,3.954291658,491.3
7-1-21_jpg.rf.1c94341e347a5619d6d533587214a38d,0,IAC,3.469527764,491.3
7-1-21_jpg.rf.1c94341e347a5619d6d533587214a38d,0,IS1,1.360511086,491.3
7-1-21_jpg.rf.1c94341e347a5619d6d533587214a38d,0,BL1,6.410760326,491.3
7-1-21_jpg.rf.1c94341e347a5619d6d533587214a38d,1,AOI,0.843377142,321.3
7-1-21_jpg.rf.1c94341e347a5619d6d533587214a38d,1,BL2,2.984623058,321.3
7-1-21_jpg.rf.1c94341e347a5619d6d533587214a38d,1,IS2,1.145923602,321.3
7-1-21_jpg.rf.1c94341e347a5619d6d533587214a38d,1,IAC,0.9173918743,321.3
7-1-21_jpg.rf.1c94341e347a5619d6d533587214a38d,1,IS1,1.836087366,321.3
7-1-21_jpg.rf.1c94341e347a5619d6d533587214a38d,1,BL1,0.738936462,321.3
7-1-21_jpg.rf.1c94341e347a5619d6d533587214a38d,2,AOI,0.9489698323,340
7-1-21_jpg.rf.1c94341e347a5619d6d533587214a38d,2,BL2,3.343451496,340
7-1-21_jpg.rf.1c94341e347a5619d6d533587214a38d,2,IS2,2.087944349,340
7-1-21_jpg.rf.1c94341e347a5619d6d533587214a38d,2,IAC,2.589296678,340
7-1-21_jpg.rf.1c94341e347a5619d6d533587214a38d,2,IS1,1.209710092,340
7-1-21_jpg.rf.1c94341e347a5619d6d533587214a38d,2,BL1,0.9894557594,340
7-1-32_jpg.rf.5fff691d396ad6fb5af6bb214432862a,0,AOI,0.5604443635,224.4
7-1-32_jpg.rf.5fff691d396ad6fb5af6bb214432862a,0,BL2,2.174032252,224.4
7-1-32_jpg.rf.5fff691d396ad6fb5af6bb214432862a,0,IS2,0.5196326344,224.4
7-1-32_jpg.rf.5fff691d396ad6fb5af6bb214432862a,0,IAC,1.073799945,224.4
7-1-32_jpg.rf.5fff691d396ad6fb5af6bb214432862a,0,IS1,0.7653367511,224.4
7-1-32_jpg.rf.5fff691d396ad6fb5af6bb214432862a,0,BL1,2.053569479,224.4
7-2-100_jpg.rf.14e97388edf5dced857a60f0f736011e,0,AOI,1.012445117,321.3
7-2-100_jpg.rf.14e97388edf5dced857a60f0f736011e,0,BL2,2.296454844,321.3
7-2-100_jpg.rf.14e97388edf5dced857a60f0f736011e,0,IS2,2.948499439,321.3
7-2-100_jpg.rf.14e97388edf5dced857a60f0f736011e,0,IAC,1.963377985,321.3
7-2-100_jpg.rf.14e97388edf5dced857a60f0f736011e,0,IS1,2.987051095,321.3
7-2-100_jpg.rf.14e97388edf5dced857a60f0f736011e,0,BL1,1.616687587,321.3
7-2-119_jpg.rf.77caec442c086cd5fe9182a61cce5fdf,0,AOI,2.649230502,21537.3
7-2-119_jpg.rf.77caec442c086cd5fe9182a61cce5fdf,0,BL2,1.701752662,21537.3
7-2-119_jpg.rf.77caec442c086cd5fe9182a61cce5fdf,0,IS2,7.096520051,21537.3
7-2-119_jpg.rf.77caec442c086cd5fe9182a61cce5fdf,0,IAC,3.279196837,21537.3
7-2-119_jpg.rf.77caec442c086cd5fe9182a61cce5fdf,0,IS1,11.2595797,21537.3
7-2-119_jpg.rf.77caec442c086cd5fe9182a61cce5fdf,0,BL1,6.051638694,21537.3
7-2-131_jpg.rf.13aa309e531044bc4f47c900c4699673,0,AOI,7.122113801,31140.6
7-2-131_jpg.rf.13aa309e531044bc4f47c900c4699673,0,BL2,30.62262794,31140.6
7-2-131_jpg.rf.13aa309e531044bc4f47c900c4699673,0,IS2,14.52902771,31140.6
7-2-131_jpg.rf.13aa309e531044bc4f47c900c4699673,0,IAC,12.77291649,31140.6
7-2-131_jpg.rf.13aa309e531044bc4f47c900c4699673,0,IS1,8.11570678,31140.6
7-2-131_jpg.rf.13aa309e531044bc4f47c900c4699673,0,BL1,24.00060748,31140.6
7-2-30_jpg.rf.72d59d4a4c92c406ee2f1f0f87407bf5,0,AOI,2.37275057,24841.25
7-2-30_jpg.rf.72d59d4a4c92c406ee2f1f0f87407bf5,0,BL2,62.75395859,24841.25
7-2-30_jpg.rf.72d59d4a4c92c406ee2f1f0f87407bf5,0,IS2,60.74106406,24841.25
7-2-30_jpg.rf.72d59d4a4c92c406ee2f1f0f87407bf5,0,IAC,17.78267485,24841.25
7-2-30_jpg.rf.72d59d4a4c92c406ee2f1f0f87407bf5,0,IS1,57.14342383,24841.25
7-2-30_jpg.rf.72d59d4a4c92c406ee2f1f0f87407bf5,0,BL1,63.4714734,24841.25
7-2-37_jpg.rf.3e429d7a11245169ef1b4a1902b8e19e,0,AOI,4.953652515,32436
7-2-37_jpg.rf.3e429d7a11245169ef1b4a1902b8e19e,0,BL2,17.15748232,32436
7-2-37_jpg.rf.3e429d7a11245169ef1b4a1902b8e19e,0,IS2,16.95375471,32436
7-2-37_jpg.rf.3e429d7a11245169ef1b4a1902b8e19e,0,IAC,8.399695124,32436
7-2-37_jpg.rf.3e429d7a11245169ef1b4a1902b8e19e,0,IS1,11.76981236,32436
7-2-37_jpg.rf.3e429d7a11245169ef1b4a1902b8e19e,0,BL1,2.503851506,32436
7-2-86_jpg.rf.eeda13a8c60069e5630317da0c989266,0,AOI,1.182421228,22312.5
7-2-86_jpg.rf.eeda13a8c60069e5630317da0c989266,0,BL2,5.409280937,22312.5
7-2-86_jpg.rf.eeda13a8c60069e5630317da0c989266,0,IS2,3.600757961,22312.5
7-2-86_jpg.rf.eeda13a8c60069e5630317da0c989266,0,IAC,5.639270391,22312.5
7-2-86_jpg.rf.eeda13a8c60069e5630317da0c989266,0,IS1,1.959186088,22312.5
7-2-86_jpg.rf.eeda13a8c60069e5630317da0c989266,0,BL1,4.421793957,22312.5
