filename,instance_idx,oks,iou,conf,detected
1-1-109_jpg.rf.da7ed7e5b519c9060721c0ef613d2d26,0,0.9464300807989082,0.9090587402689313,0.8072170615196228,True
1-1-127_jpg.rf.e69f5e68d5113bd9c79026da5b0e5dc5,0,0.9914041051216639,0.9428976962550497,0.8895903825759888,True
1-1-141_jpg.rf.d7b5048ad008fe7807256ab2a03f5ed2,0,0.8516937488814621,0.8829634360530098,0.8980892300605774,True
1-1-145_jpg.rf.951d7dc3f96afb0de4604dc40a4c17c7,0,0.8135239088209115,0.8538562254504645,0.8349548578262329,True
1-1-16_jpg.rf.97f3f5d3c510a3628c103ca2b28a79a4,0,0.8005597059389906,0.8964460784313726,0.9068902730941772,True
1-1-189_jpg.rf.178301411e3d75b96dfc507a559ae871,0,0.957486213263992,0.9232142857142858,0.8695395588874817,True
1-1-189_jpg.rf.178301411e3d75b96dfc507a559ae871,1,0.9769805728836132,0.8894607843137254,0.8929165601730347,True
1-1-19_jpg.rf.b1da52ef2375e4d3d93a98bdbaf3e893,0,0.862057468641217,0.9013037388212477,0.8988856077194214,True
1-1-19_jpg.rf.b1da52ef2375e4d3d93a98bdbaf3e893,1,0.9379117836657641,0.8321513002364066,0.9013615846633911,True
1-1-200_jpg.rf.c958d3e85b454d3a411ba628a0f69308,0,0.7138226780495093,0.8521427994942293,0.8218268752098083,True
1-1-224_jpg.rf.d62ddd4113b13485c3871eede2a1f7a4,0,0.9816849529689501,0.8559782608695652,0.9027444124221802,True
1-1-229_jpg.rf.71201b0b68091393b72f22d42913cfa1,0,0.958190445771072,0.9033816425120773,0.9004693627357483,True
1-1-229_jpg.rf.71201b0b68091393b72f22d42913cfa1,1,0.9807664744444997,0.8720300489168413,0.9113966822624207,True
1-1-241_jpg.rf.55898f7f75cda555545a6f9e79eae4a0,0,0.9721592630245652,0.9456118665018541,0.9227665662765503,True
1-1-249_jpg.rf.9b12eac37a00c4da9ca30ab7ca46060e,0,0.9651896494663775,0.890686274509804,0.8895165324211121,True
1-1-249_jpg.rf.9b12eac37a00c4da9ca30ab7ca46060e,1,0.9270136921700383,0.9143227239082161,0.8779876828193665,True
1-1-260_jpg.rf.3a23e0c3fdd69dd3bf7026e263b48969,0,0.9775439300091605,0.9343811994506332,0.9179540276527405,True
1-1-268_jpg.rf.ffeba97075fc1f6d709f69b8087637e7,0,0.8829861551430693,0.8926938669887001,0.9072490334510803,True
1-1-283_jpg.rf.7485c546ec7bd2295d6f9c33c79ab94f,0,0.9556986594534872,0.7875955819881053,0.8969427943229675,True
1-1-288_jpg.rf.963a5d33c5685df5ff8841f2c6cc52df,0,0.9591376555407939,0.95995581331124,0.8987475037574768,True
1-1-296_jpg.rf.ce190fdb1b4a393ebab0b67e83e3324e,0,0.9717518929374694,0.912084737602311,0.9010828137397766,True
1-1-296_jpg.rf.ce190fdb1b4a393ebab0b67e83e3324e,1,0.9479287866775722,0.899035543265664,0.8981000185012817,True
1-1-2_jpg.rf.6a4d644c96cba77436d6f06331758b3b,0,0.7174616474099413,0.6935063198020465,0.6038932800292969,True
1-1-32_jpg.rf.9414076b270f2b46a68890c2ccce6e97,0,0.8201321546564074,0.8304193928992814,0.8769376873970032,True
1-1-37_jpg.rf.e9b574dfa79a5ae6221543cf792a6cff,0,0.9683627667922572,0.8121131741821397,0.8569532036781311,True
1-1-41_jpg.rf.db53159c7083ee3b171aa93d1d8d2d17,0,0.8526992712813763,0.8689872550363162,0.8961369395256042,True
1-1-51_jpg.rf.e86b199bd9377617267d3c0df4d4b6bf,0,0.891085995876795,0.9246841593780369,0.8903754353523254,True
1-1-52_jpg.rf.4fa6a412ad5ccf565ae00102ec26ce38,0,0.7850972743243703,0.7927313321756388,0.8897001147270203,True
1-1-53_jpg.rf.a1f9fa600d333f5e46f63e8a74e77268,0,0.8909598120860295,0.8615021382751248,0.8395004868507385,True
1-1-53_jpg.rf.a1f9fa600d333f5e46f63e8a74e77268,1,0.7544627392955876,0.8182360544894104,0.7518606781959534,True
1-1-67_jpg.rf.82057ced5d06e369f7619ed7e328bcf6,0,0.7106559109366545,0.7442946058091287,0.8762643337249756,True
1-1-67_jpg.rf.82057ced5d06e369f7619ed7e328bcf6,1,0.9416990657181823,0.8024718508092892,0.8570446372032166,True
1-1-69_jpg.rf.8f22e863c1d1c93963a04d9f321ab54d,0,0.7527202664439226,0.6849871544322699,0.8951497673988342,True
1-1-72_jpg.rf.65661d99090c08804adc7cf95aa21c14,0,0.9549676951458023,0.7897919080969416,0.8355134129524231,True
1-1-73_jpg.rf.9e7cb924fada67d0ea54ddb48c516fbd,0,0.7097261472131033,0.7777777777777778,0.8176600933074951,True
1-1-81_jpg.rf.c017f05100dc8b53236a8343d8076cf1,0,0.9897821465691329,0.8952927529153184,0.8853961825370789,True
1-1-98_jpg.rf.48a5b29ce36aac7f868f30e3edb51813,0,0.6192249594145685,0.6546286876907427,0.857180118560791,True
11053-B-02_0_jpg.rf.225d1a87c5a6154e3fd211e9503ac2ba,0,0.949995887901784,0.7035907859078591,0.8705624341964722,True
15459-B-01_0_jpg.rf.fbfab2000bda97069795ff68e3dbe0a3,0,0.9848389356980659,0.5908060244952003,0.8126992583274841,True
2-1-3_jpg.rf.600c3d0e8a0e8d03c9a9bda9ef0dadae,0,0.8858026237136021,0.6977758395115569,0.7538613080978394,True
2-1-47_jpg.rf.cbc5206f1e30668471fc9277e8e50a61,0,0.89944015627953,0.8910739542363358,0.611111581325531,True
2-1-5_jpg.rf.252d8507e25e45ff9d501ec983a9b595,0,0.9867101383700678,0.8511013215859031,0.8795245885848999,True
2-1-62_jpg.rf.cb5c0cc1e10dcd80fa1140fcb2944c8e,0,0.774678331356748,0.9171330096727569,0.8833847045898438,True
2-1-63_jpg.rf.5c93a08c867833beeb2383013ab66e65,0,0.97227990539699,0.889545646455133,0.8993265628814697,True
2-1-65_jpg.rf.7e8366b4605bf1d968e106ad77a38bef,0,0.9789671889361653,0.918396005617101,0.8965053558349609,True
2-1-67_jpg.rf.f7242e97204b3f5fcb56564691d3c147,0,0.8958657343893481,0.6344562647754137,0.7571089267730713,True
2-1-_jpg.rf.e7927f3070cffd724a65038c17c1848d,0,0.959042083071007,0.9330279232111692,0.8841614127159119,True
3-2-85_jpg.rf.a0abf6f74d3b7ecebec16e701933484b,0,0.6986487755099112,0.8101045296167247,0.7410178780555725,True
3-2-86_jpg.rf.ee7a35eaecc04fe892e7b09ba9239351,0,0.7205695950390295,0.8956631049654306,0.8608807325363159,True
3-2-86_jpg.rf.ee7a35eaecc04fe892e7b09ba9239351,1,0.8924614778443551,0.803265306122449,0.7486856579780579,True
3-2-91_jpg.rf.1dbee6dfcf90e5e4f4eaad576e51d072,0,0.7593929448164688,0.7592592592592593,0.7896093726158142,True
4-1-103_jpg.rf.272bd27d042ea087a20e2ce66f924ce4,0,0.8140143857809421,0.6092006261677524,0.7199704051017761,True
4-1-108_jpg.rf.4482fffbd0f7474154373d8ef007411a,0,0.7908327858875687,0.5643224699828473,0.7359052896499634,True
4-1-143_jpg.rf.20ef2202ecb10552c11780789c735237,0,0.6496054796303422,0.8145409572928453,0.9128240942955017,True
4-1-164_jpg.rf.db3448d546f675d0f4911b3093bd50cd,0,0.9521461381849025,0.9174502712477396,0.900763988494873,True
4-1-164_jpg.rf.db3448d546f675d0f4911b3093bd50cd,1,0.8966204801874431,0.8838017050836754,0.8636725544929504,True
4-1-170_jpg.rf.17b24472dc6f0d864b1064450f36f057,0,0.9305057997308906,0.9452234471128322,0.9008127450942993,True
4-1-18_jpg.rf.4794a9f6a6ee80643dfb72c0ad04faf4,0,0.984497394639412,0.8139917695473251,0.84733647108078,True
4-1-190_jpg.rf.462e9ac25c26eae6a3e5d3bd1eb33301,0,0.7245175432028749,0.8049945279076709,0.8786594867706299,True
4-1-190_jpg.rf.462e9ac25c26eae6a3e5d3bd1eb33301,1,0.9691146680989452,0.8944382092530241,0.8932904005050659,True
4-1-194_jpg.rf.e5c027f61ab31e4c10b394e5c1721ad0,0,0.9621034468506343,0.9641549725442343,0.9114166498184204,True
4-1-198_jpg.rf.08d176713106124cee7d0611f88fdbad,0,0.984177956473621,0.9142883617494441,0.8983519077301025,True
4-1-215_jpg.rf.93a9b26903af6980f3228d2ad4075588,0,0.9709871817316086,0.8990299110751819,0.8759797215461731,True
4-1-215_jpg.rf.93a9b26903af6980f3228d2ad4075588,1,0.9230783761260238,0.8337856808610201,0.8802160620689392,True
4-1-65_jpg.rf.4cd9c4aa05a03bc48274ad476d924668,0,0.9907174561431763,0.8962264150943396,0.8880380392074585,True
4-1-68_jpg.rf.b2bc1824cd912b30e0094f41e71eeb73,0,0.9765767145450512,0.8914473684210527,0.8908069729804993,True
4-1-76_jpg.rf.a3b31287e3da123efe49f670a796d7f1,0,0.9687752149926596,0.8796762589928058,0.8987354636192322,True
4-1-76_jpg.rf.a3b31287e3da123efe49f670a796d7f1,1,0.8498001314938044,0.9536335265269728,0.8894384503364563,True
4-1-80_jpg.rf.701fdaddb9fc9142f3e9fc84d7e69dab,0,0.9526915622789088,0.8936735778841042,0.8565176725387573,True
4-1-88_jpg.rf.7ce8063a1ae0b1e8ad6d2799c6f46f16,0,0.943921957513834,0.9637425103702566,0.8733956217765808,True
4-2-168_jpg.rf.b3fd15d9c14084c34b6681b178016be5,0,0.9748692637103232,0.8797250859106529,0.9044478535652161,True
4-2-168_jpg.rf.b3fd15d9c14084c34b6681b178016be5,1,0.9125964596889352,0.8216450216450216,0.8917116522789001,True
4-2-245_jpg.rf.85dbcd832129b6e2213c403959436f60,0,0.83849604428122,0.6766027158818937,0.7788021564483643,True
4-2-258_jpg.rf.95cc895fdfcf9823576071e3b5f4da03,0,0.8438485023572911,0.9224117223156377,0.8699926137924194,True
4-2-258_jpg.rf.95cc895fdfcf9823576071e3b5f4da03,1,0.9376043644044167,0.8849721706864564,0.8800085783004761,True
4-2-334_jpg.rf.52a31b4371dffbdcb45d971adda932f1,0,0.8994731100879497,0.9333051920641621,0.8712595701217651,True
4-2-353_jpg.rf.d67ece2d335275064193c12df9cf1b17,0,0.952273605364368,0.955550128220784,0.9091246724128723,True
4-2-420_jpg.rf.9b4675d47069a2854d55865bc2e671f6,0,0.9630788509062537,0.8688012495119094,0.8995102643966675,True
4-2-484_jpg.rf.ad066f93f9419de22020841ece2e60a9,0,0.9833460980320359,0.916215896079283,0.8942250609397888,True
4-2-503_jpg.rf.ebcaf8de8258b444d3d9e5d7b357c203,0,0.6274997036709834,0.7913019895959172,0.7840165495872498,True
4-2-503_jpg.rf.ebcaf8de8258b444d3d9e5d7b357c203,1,0.7068545950093642,0.9257337557534819,0.8839770555496216,True
4-2-512_jpg.rf.34464444a0f2f524e221424a144fcc57,0,0.9726619332243819,0.9138407950005123,0.9058285355567932,True
4-2-52_jpg.rf.0595dc6a73e75e06119ecda100809979,0,0.9308507851666445,0.8053599818305701,0.8967147469520569,True
4-2-621_jpg.rf.6bcfc3d87d2969efe9602fa6fb2585b9,0,0.878971737682542,0.8791694201940802,0.8354352712631226,True
4-2-680_jpg.rf.82d48eb1b69cfbe8943c261c565856ed,0,0.9759801664359671,0.954612210644101,0.8738124966621399,True
4-2-680_jpg.rf.82d48eb1b69cfbe8943c261c565856ed,1,0.8986503934850556,0.8387679575720488,0.634827196598053,True
4-2-697_jpg.rf.e1209189c673ee2828545d9c81845e8d,0,0.913247887028445,0.7206896551724138,0.8877349495887756,True
5-1-23_jpg.rf.87cde10fd60fd3020e0b832d00fd5f77,0,0.948599092701191,0.7886261720342438,0.6313401460647583,True
5-1-23_jpg.rf.87cde10fd60fd3020e0b832d00fd5f77,1,0.7509864319258327,0.7902595094205475,0.844139039516449,True
5-1-34_jpg.rf.3b115b89f50eec6e691dda60b9444897,0,0.9755512852209383,0.9009396743418693,0.9126702547073364,True
5-1-34_jpg.rf.3b115b89f50eec6e691dda60b9444897,1,0.9555755500969515,0.8939094775212637,0.8862125277519226,True
5-1-48_jpg.rf.da026fbd3e08f9aacf31ba4c14d960bc,0,0.7947862359680918,0.842838769529191,0.5649704933166504,True
5-1-56_jpg.rf.98effce82f19f8ec4add4ffd017bd566,0,0.9106417330392366,0.8714036216564023,0.7548352479934692,True
5-1-66_jpg.rf.066bceb356d31dae9f89ceb02cd642cb,0,0.9500543273162737,0.9022467982330695,0.8875654339790344,True
5-2-106_jpg.rf.7520316c3da889765c091ec48962ce30,0,0.9441131053997366,0.8856534090909091,0.8825966119766235,True
5-2-120_jpg.rf.d06365fdf3c9f3c14026545f0b14bd5d,0,0.9113746183222483,0.9685758747050851,0.8871317505836487,True
5-2-230_jpg.rf.8c8ebff0e0473e1e78995610bf3d0b0d,0,0.6342331543317874,0.9777777777777777,0.8069716095924377,True
5-2-289_jpg.rf.bf8376968169f88acb10523114fc05c4,0,0.8601261378625603,0.8331817452249746,0.8363659381866455,True
5-2-289_jpg.rf.bf8376968169f88acb10523114fc05c4,1,0.9560856342234915,0.8293269230769231,0.8594014644622803,True
5-2-341_jpg.rf.4594c906a1acec3c27cf0614280e121b,0,0.9625843704103664,0.9142045764840806,0.8407754302024841,True
5-2-345_jpg.rf.88fa7fea1037295a257ce12900637d76,0,0.9433049892512347,0.9046783625730994,0.8419833183288574,True
5-2-363_jpg.rf.03ae826aa53fa8c2fd1c20278e8be47d,0,0.6912648954137316,0.9019226346248282,0.739332377910614,True
5-2-369_jpg.rf.b151e27950a3c3b71cb0485f5575ed38,0,0.945891558614956,0.9594845908607864,0.8771881461143494,True
5-2-439_jpg.rf.79429c13ea0a88c32686a94b9b53124e,0,0.9756749393731554,0.9242097701149425,0.8735854029655457,True
5-2-439_jpg.rf.79429c13ea0a88c32686a94b9b53124e,1,0.721462366615806,0.7247370615762405,0.8928369879722595,True
5-2-439_jpg.rf.79429c13ea0a88c32686a94b9b53124e,2,0.8200592797644105,0.7869634340222575,0.8867135643959045,True
5-2-447_jpg.rf.486c99765ac39c3552182837a705d7e6,0,0.9294868546728218,0.8774661827779611,0.8608887195587158,True
5-2-474_jpg.rf.c7f9bb991aa7e51ade0cdfdc9217b8c2,0,0.898380429928105,0.8041237113402062,0.8454047441482544,True
5-2-576_jpg.rf.fdfb8269fbf704472524b871f3477ea6,0,0.9677074334945909,0.7583741830065359,0.832152247428894,True
5-2-58_jpg.rf.3aa07c9579d52f2f0d09f444aa70afaf,0,0.7816832397725233,0.7870333056773735,0.7235082387924194,True
5-2-614_jpg.rf.0d3cf4513c2e9b16533e68a787864499,0,0.929967587449609,0.9450579538194761,0.8926122784614563,True
5-2-625_jpg.rf.d0f96720d33a3507a9f8df66282344f4,0,0.9817382963317475,0.615662532955766,0.8378366827964783,True
5-2-661_jpg.rf.33f54d37fcc5edaa4ff42cac27c1a01f,0,0.949693929853364,0.7877333094041636,0.8819493055343628,True
5-2-73_jpg.rf.f9161069960917cc056b974d59ee6775,0,0.9374272431766105,0.5877665995975855,0.8063173294067383,True
5-2-751_jpg.rf.f8d66c23aa53658034a0d26dc56c1f7f,0,0.975100008492483,0.6069617175015632,0.7825957536697388,True
6-1-16_jpg.rf.0cbdd4c22aca84b470b9a53a643a4fe9,0,0.899388410296084,0.8593255224825839,0.8539104461669922,True
6-1-19_jpg.rf.8dce43d0e3666c17d84a472635aae02e,0,0.3323701934255298,0.8580705009276438,0.7115424871444702,True
6-1-19_jpg.rf.8dce43d0e3666c17d84a472635aae02e,1,0.4161770920907851,0.8147221725924603,0.8397678136825562,True
6-1-21_jpg.rf.bb90b3857e7061fd7ea710ef5fb6a4c8,0,0.9552261229298193,0.9525302939704932,0.872990608215332,True
6-2-124_jpg.rf.a2b0760deeda2986a0e1749ca308376d,0,0.7871386150084771,0.8262866054409981,0.850639283657074,True
6-2-131_jpg.rf.261a1a4473bbe8883d657ba0fd6ca47c,0,0.9773244931823412,0.9701230228471002,0.8845738172531128,True
6-2-144_jpg.rf.58f03b2e3a1ae37ef1bb58def06f24db,0,0.9821891114978003,0.9518390804597702,0.89220130443573,True
6-2-144_jpg.rf.58f03b2e3a1ae37ef1bb58def06f24db,1,0.8598940061325476,0.8459886785086863,0.884550929069519,True
6-2-144_jpg.rf.58f03b2e3a1ae37ef1bb58def06f24db,2,0.8578782354629277,0.8873912845498839,0.8901998996734619,True
6-2-157_jpg.rf.d0483a3749ae1b4e8e440d6704dd4697,0,0.9846099111820005,0.8687043682712535,0.9049850702285767,True
6-2-168_jpg.rf.6b032dca82aab9d837b0971af905255e,0,0.9420458861519371,0.8133971291866029,0.8599427342414856,True
6-2-168_jpg.rf.6b032dca82aab9d837b0971af905255e,1,0.9020679718966725,0.6994032994032994,0.8432832956314087,True
6-2-215_jpg.rf.0eac67ac77bbb5c56137aaf26b2a93f7,0,0.9777374977920946,0.938889405636685,0.8862380385398865,True
6-2-256_jpg.rf.5d2e7163cda66b3fe488d730c01e1c9f,0,0.9931545937785696,0.8810165575664228,0.8890589475631714,True
6-2-50_jpg.rf.c76fa5a83f793d90118007b46adfb625,0,0.9251356091936874,0.9574175035868006,0.8514155149459839,True
6-2-53_jpg.rf.e12c490fa20722b1d65c9a4750700b51,0,0.8723971177220812,0.8837031369548585,0.8648512959480286,True
6-2-53_jpg.rf.e12c490fa20722b1d65c9a4750700b51,1,0.905066998532493,0.9129087779690189,0.8618242740631104,True
6-2-5_jpg.rf.7a6a5887783cfa57c0bc8988d9f7df0a,0,0.8778570004536578,0.7872085276482345,0.6945106983184814,True
6-2-68_jpg.rf.baa66175a36494d24c16535ecf2e7103,0,0.875054576842675,0.800481325496367,0.8165561556816101,True
6-2-78_jpg.rf.77e6e7448613354a2f105cb051eb7fea,0,0.9390056834419229,0.872753893251697,0.87266606092453,True
6-2-80_jpg.rf.59400b615464026027aba2847f0ba89f,0,0.9588333068706215,0.754108485499463,0.8575054407119751,True
6-2-81_jpg.rf.4be81bdca3f7c3239d100c6027b3c2a6,0,0.7440790337247112,0.8862478777589134,0.8954718112945557,True
6-2-83_jpg.rf.0f5fd6a18a74cf78a634fd104ce7cf78,0,0.9914637343226492,0.9135632355131834,0.8681641221046448,True
7-1-13_jpg.rf.52767ae3702b2a6214d68fe173d45249,0,0.9588616595451632,0.7764820213799806,0.8652797937393188,True
7-1-18_jpg.rf.c77f9dfe29125b3af4d5e422dc957149,0,0.9526329951985352,0.8465116279069768,0.8476085662841797,True
7-1-18_jpg.rf.c77f9dfe29125b3af4d5e422dc957149,1,0.9393399947594018,0.8647798742138365,0.8778350353240967,True
7-1-18_jpg.rf.c77f9dfe29125b3af4d5e422dc957149,2,0.863955319071663,0.8968595568308624,0.891825258731842,True
7-1-21_jpg.rf.1c94341e347a5619d6d533587214a38d,0,0.534334903600807,0.6437587657784011,0.7804504632949829,True
7-1-21_jpg.rf.1c94341e347a5619d6d533587214a38d,1,0.8506057521652499,0.726027397260274,0.7659161686897278,True
7-1-21_jpg.rf.1c94341e347a5619d6d533587214a38d,2,0.7780840926638871,0.7054673721340388,0.6873669028282166,True
7-1-32_jpg.rf.5fff691d396ad6fb5af6bb214432862a,0,0.8439259692824597,0.8123076923076923,0.7174467444419861,True
7-2-100_jpg.rf.14e97388edf5dced857a60f0f736011e,0,0.719022489315468,0.6206896551724138,0.6857162117958069,True
7-2-119_jpg.rf.77caec442c086cd5fe9182a61cce5fdf,0,0.9614057596542057,0.8176713566541887,0.859601616859436,True
7-2-131_jpg.rf.13aa309e531044bc4f47c900c4699673,0,0.8073111356831503,0.9529970520799214,0.8529331088066101,True
7-2-30_jpg.rf.72d59d4a4c92c406ee2f1f0f87407bf5,0,0.3160092157694022,0.845337267152609,0.8548749089241028,True
7-2-37_jpg.rf.3e429d7a11245169ef1b4a1902b8e19e,0,0.9133203865969608,0.842198190244979,0.7985985279083252,True
7-2-86_jpg.rf.eeda13a8c60069e5630317da0c989266,0,0.9837967318862587,0.6197333333333334,0.8871462345123291,True
